W,eng_front.c,1,1,c_builtin,W0576,UNC,X99,The character except for basic source character is used in the comment of source file `eng_front.c'.
W,engine.h,1,1,c_builtin,W0576,UNC,X99,The character except for basic source character is used in the comment of source file `engine.h'.
W,p11_err.h,26,1,c_builtin,W0442,UNC,X99,A function-like macro is defined.
W,libp11.h,42,1,c_builtin,W0442,UNC,X99,A function-like macro is defined.
W,libp11.h,428,1,c_builtin,W0442,UNC,X99,A function-like macro is defined.
W,eng_err.h,26,1,c_builtin,W0442,UNC,X99,A function-like macro is defined.
W,eng_front.c,17,1,c_builtin,W0026,UNC,X99,`/usr/include/stdio.h' is already included by this file indirectly.
W,eng_front.c,18,1,c_builtin,W0026,UNC,X99,`/usr/include/string.h' is already included by this file indirectly.
W,eng_front.c,21,1,c_builtin,W0026,UNC,X99,`/usr/include/openssl/crypto.h' is already included by this file indirectly.
W,eng_front.c,22,1,c_builtin,W0026,UNC,X99,`/usr/include/openssl/objects.h' is already included by this file indirectly.
W,eng_front.c,23,1,c_builtin,W0026,UNC,X99,`/usr/include/openssl/engine.h' is already included by this file indirectly.
W,eng_front.c,38,3,c_builtin,W0167,UNC,X99,Implicit conversion from `signed int' to `unsigned int'.
W,eng_front.c,41,3,c_builtin,W0076,UNC,X99,Hexadecimal constant without `U' or `u' suffix.
W,eng_front.c,42,3,c_builtin,W0167,UNC,X99,Implicit conversion from `signed int' to `unsigned int'.
W,eng_front.c,45,3,c_builtin,W0076,UNC,X99,Hexadecimal constant without `U' or `u' suffix.
W,eng_front.c,46,3,c_builtin,W0167,UNC,X99,Implicit conversion from `signed int' to `unsigned int'.
W,eng_front.c,49,3,c_builtin,W0076,UNC,X99,Hexadecimal constant without `U' or `u' suffix.
W,eng_front.c,50,3,c_builtin,W0167,UNC,X99,Implicit conversion from `signed int' to `unsigned int'.
W,eng_front.c,53,3,c_builtin,W0076,UNC,X99,Hexadecimal constant without `U' or `u' suffix.
W,eng_front.c,54,3,c_builtin,W0167,UNC,X99,Implicit conversion from `signed int' to `unsigned int'.
W,eng_front.c,57,3,c_builtin,W0076,UNC,X99,Hexadecimal constant without `U' or `u' suffix.
W,eng_front.c,58,3,c_builtin,W0167,UNC,X99,Implicit conversion from `signed int' to `unsigned int'.
W,eng_front.c,61,3,c_builtin,W0076,UNC,X99,Hexadecimal constant without `U' or `u' suffix.
W,eng_front.c,62,3,c_builtin,W0167,UNC,X99,Implicit conversion from `signed int' to `unsigned int'.
W,eng_front.c,65,3,c_builtin,W0076,UNC,X99,Hexadecimal constant without `U' or `u' suffix.
W,eng_front.c,66,3,c_builtin,W0167,UNC,X99,Implicit conversion from `signed int' to `unsigned int'.
W,eng_front.c,69,3,c_builtin,W0076,UNC,X99,Hexadecimal constant without `U' or `u' suffix.
W,eng_front.c,70,3,c_builtin,W0167,UNC,X99,Implicit conversion from `signed int' to `unsigned int'.
W,eng_front.c,73,3,c_builtin,W0076,UNC,X99,Hexadecimal constant without `U' or `u' suffix.
W,eng_front.c,74,3,c_builtin,W0167,UNC,X99,Implicit conversion from `signed int' to `unsigned int'.
W,eng_front.c,77,3,c_builtin,W0076,UNC,X99,Hexadecimal constant without `U' or `u' suffix.
W,eng_front.c,78,3,c_builtin,W0167,UNC,X99,Implicit conversion from `signed int' to `unsigned int'.
W,eng_front.c,78,18,c_builtin,W0167,UNC,X99,Implicit conversion from `signed int' to `unsigned int'.
W,eng_front.c,81,20,c_builtin,W1076,UNC,X99,`get_ctx' has internal-linkage without any prototype declarations.
W,eng_front.c,91,27,c_builtin,W9003,UNC,X99,An object typed `void *' is implicitly converted into an object of type `ENGINE_CTX *'.
W,eng_front.c,81,36,c_builtin,W0104,UNC,X99,The value of formal argument `engine' is not change. It can be declarable with 'const'.
W,eng_front.c,81,36,c_builtin,W0105,UNC,X99,The object which points the formal argument `engine' is not change. It can be declaring as pointer type which points const object.
W,eng_front.c,81,20,c_builtin,W1071,UNC,X99,Function `get_ctx' has multiple termination points.
W,eng_front.c,95,21,c_builtin,W1073,UNC,X99,Return value of the function `ENGINE_set_ex_data' is discarded.
W,eng_front.c,101,12,c_builtin,W1076,UNC,X99,`engine_destroy' has internal-linkage without any prototype declarations.
W,eng_front.c,121,5,c_builtin,W0572,UNC,X99,Bitwise operation of signed value causes implementation-defined behavior.
W,eng_front.c,103,14,c_builtin,W0100,UNC,X99,The variable `ctx' has not been reassigned since the initial value is assigned. It may be able to be defined as `const' with an initial value.
W,eng_front.c,101,35,c_builtin,W0104,UNC,X99,The value of formal argument `engine' is not change. It can be declarable with 'const'.
W,eng_front.c,101,35,c_builtin,W0105,UNC,X99,The object which points the formal argument `engine' is not change. It can be declaring as pointer type which points const object.
W,eng_front.c,101,12,c_builtin,W1071,UNC,X99,Function `engine_destroy' has multiple termination points.
W,eng_front.c,122,20,c_builtin,W1073,UNC,X99,Return value of the function `ENGINE_set_ex_data' is discarded.
W,eng_front.c,127,12,c_builtin,W1076,UNC,X99,`engine_init' has internal-linkage without any prototype declarations.
W,eng_front.c,129,14,c_builtin,W0100,UNC,X99,The variable `ctx' has not been reassigned since the initial value is assigned. It may be able to be defined as `const' with an initial value.
W,eng_front.c,127,32,c_builtin,W0104,UNC,X99,The value of formal argument `engine' is not change. It can be declarable with 'const'.
W,eng_front.c,127,32,c_builtin,W0105,UNC,X99,The object which points the formal argument `engine' is not change. It can be declaring as pointer type which points const object.
W,eng_front.c,127,12,c_builtin,W1071,UNC,X99,Function `engine_init' has multiple termination points.
W,eng_front.c,138,12,c_builtin,W1076,UNC,X99,`engine_finish' has internal-linkage without any prototype declarations.
W,eng_front.c,140,14,c_builtin,W0100,UNC,X99,The variable `ctx' has not been reassigned since the initial value is assigned. It may be able to be defined as `const' with an initial value.
W,eng_front.c,141,6,c_builtin,W0100,UNC,X99,The variable `rv' has not been reassigned since the initial value is assigned. It may be able to be defined as `const' with an initial value.
W,eng_front.c,138,34,c_builtin,W0104,UNC,X99,The value of formal argument `engine' is not change. It can be declarable with 'const'.
W,eng_front.c,138,34,c_builtin,W0105,UNC,X99,The object which points the formal argument `engine' is not change. It can be declaring as pointer type which points const object.
W,eng_front.c,138,12,c_builtin,W1071,UNC,X99,Function `engine_finish' has multiple termination points.
W,eng_front.c,165,18,c_builtin,W1076,UNC,X99,`load_pubkey' has internal-linkage without any prototype declarations.
W,eng_front.c,168,14,c_builtin,W0100,UNC,X99,The variable `ctx' has not been reassigned since the initial value is assigned. It may be able to be defined as `const' with an initial value.
W,eng_front.c,165,38,c_builtin,W0104,UNC,X99,The value of formal argument `engine' is not change. It can be declarable with 'const'.
W,eng_front.c,165,58,c_builtin,W0104,UNC,X99,The value of formal argument `s_key_id' is not change. It can be declarable with 'const'.
W,eng_front.c,166,14,c_builtin,W0104,UNC,X99,The value of formal argument `ui_method' is not change. It can be declarable with 'const'.
W,eng_front.c,166,31,c_builtin,W0104,UNC,X99,The value of formal argument `callback_data' is not change. It can be declarable with 'const'.
W,eng_front.c,165,38,c_builtin,W0105,UNC,X99,The object which points the formal argument `engine' is not change. It can be declaring as pointer type which points const object.
W,eng_front.c,166,14,c_builtin,W0105,UNC,X99,The object which points the formal argument `ui_method' is not change. It can be declaring as pointer type which points const object.
W,eng_front.c,166,31,c_builtin,W0105,UNC,X99,The object which points the formal argument `callback_data' is not change. It can be declaring as pointer type which points const object.
W,eng_front.c,165,18,c_builtin,W1071,UNC,X99,Function `load_pubkey' has multiple termination points.
W,eng_front.c,176,18,c_builtin,W1076,UNC,X99,`load_privkey' has internal-linkage without any prototype declarations.
W,eng_front.c,179,14,c_builtin,W0100,UNC,X99,The variable `ctx' has not been reassigned since the initial value is assigned. It may be able to be defined as `const' with an initial value.
W,eng_front.c,180,12,c_builtin,W0100,UNC,X99,The variable `pkey' has not been reassigned since the initial value is assigned. It may be able to be defined as `const' with an initial value.
W,eng_front.c,176,39,c_builtin,W0104,UNC,X99,The value of formal argument `engine' is not change. It can be declarable with 'const'.
W,eng_front.c,176,59,c_builtin,W0104,UNC,X99,The value of formal argument `s_key_id' is not change. It can be declarable with 'const'.
W,eng_front.c,177,14,c_builtin,W0104,UNC,X99,The value of formal argument `ui_method' is not change. It can be declarable with 'const'.
W,eng_front.c,177,31,c_builtin,W0104,UNC,X99,The value of formal argument `callback_data' is not change. It can be declarable with 'const'.
W,eng_front.c,176,39,c_builtin,W0105,UNC,X99,The object which points the formal argument `engine' is not change. It can be declaring as pointer type which points const object.
W,eng_front.c,177,14,c_builtin,W0105,UNC,X99,The object which points the formal argument `ui_method' is not change. It can be declaring as pointer type which points const object.
W,eng_front.c,177,31,c_builtin,W0105,UNC,X99,The object which points the formal argument `callback_data' is not change. It can be declaring as pointer type which points const object.
W,eng_front.c,176,18,c_builtin,W1071,UNC,X99,Function `load_privkey' has multiple termination points.
W,eng_front.c,197,12,c_builtin,W1076,UNC,X99,`engine_ctrl' has internal-linkage without any prototype declarations.
W,eng_front.c,199,14,c_builtin,W0100,UNC,X99,The variable `ctx' has not been reassigned since the initial value is assigned. It may be able to be defined as `const' with an initial value.
W,eng_front.c,197,32,c_builtin,W0104,UNC,X99,The value of formal argument `engine' is not change. It can be declarable with 'const'.
W,eng_front.c,197,44,c_builtin,W0104,UNC,X99,The value of formal argument `cmd' is not change. It can be declarable with 'const'.
W,eng_front.c,197,54,c_builtin,W0104,UNC,X99,The value of formal argument `i' is not change. It can be declarable with 'const'.
W,eng_front.c,197,63,c_builtin,W0104,UNC,X99,The value of formal argument `p' is not change. It can be declarable with 'const'.
W,eng_front.c,197,73,c_builtin,W0104,UNC,X99,The value of formal argument `f' is not change. It can be declarable with 'const'.
W,eng_front.c,197,32,c_builtin,W0105,UNC,X99,The object which points the formal argument `engine' is not change. It can be declaring as pointer type which points const object.
W,eng_front.c,197,63,c_builtin,W0105,UNC,X99,The object which points the formal argument `p' is not change. It can be declaring as pointer type which points const object.
W,eng_front.c,197,12,c_builtin,W1071,UNC,X99,Function `engine_ctrl' has multiple termination points.
W,eng_front.c,209,12,c_builtin,W1076,UNC,X99,`bind_helper' has internal-linkage without any prototype declarations.
W,eng_front.c,209,32,c_builtin,W0104,UNC,X99,The value of formal argument `e' is not change. It can be declarable with 'const'.
W,eng_front.c,209,32,c_builtin,W0105,UNC,X99,The object which points the formal argument `e' is not change. It can be declaring as pointer type which points const object.
W,eng_front.c,209,12,c_builtin,W1071,UNC,X99,Function `bind_helper' has multiple termination points.
W,eng_front.c,239,23,c_builtin,W1073,UNC,X99,Return value of the function `ERR_load_ENG_strings' is discarded.
W,eng_front.c,244,12,c_builtin,W1076,UNC,X99,`bind_fn' has internal-linkage without any prototype declarations.
W,eng_front.c,244,43,c_builtin,W0492,UNC,X99,"The same identifier name `id' is also used in the member of structure/union, label, tag or normal identifier."
C,libp11.h,59,17,c_builtin,C0001,INF,X99,A warning is detected as a pair of this identifier `id'.
C,libp11.h,70,17,c_builtin,C0001,INF,X99,A warning is detected as a pair of this identifier `id'.
W,eng_front.c,244,28,c_builtin,W0104,UNC,X99,The value of formal argument `e' is not change. It can be declarable with 'const'.
W,eng_front.c,244,43,c_builtin,W0104,UNC,X99,The value of formal argument `id' is not change. It can be declarable with 'const'.
W,eng_front.c,244,28,c_builtin,W0105,UNC,X99,The object which points the formal argument `e' is not change. It can be declaring as pointer type which points const object.
W,eng_front.c,244,12,c_builtin,W1071,UNC,X99,Function `bind_fn' has multiple termination points.
W,eng_front.c,247,10,c_builtin,W1073,UNC,X99,Return value of the function `fprintf' is discarded.
W,eng_front.c,251,10,c_builtin,W1073,UNC,X99,Return value of the function `fprintf' is discarded.
W,eng_front.c,257,1,c_builtin,W0118,UNC,X99,"`v_check' has external-linkage, but no prototype declaration is in header files."
W,eng_front.c,257,1,c_builtin,W0076,UNC,X99,Hexadecimal constant without `U' or `u' suffix.
W,eng_front.c,257,1,c_builtin,W0168,UNC,X99,An implicit type conversion from signed int to unsigned long.
W,eng_front.c,257,1,c_builtin,W0304,UNC,X99,A value of signed int type is returned from `unsigned long v_check()' function.
W,eng_front.c,257,1,c_builtin,W0104,UNC,X99,The value of formal argument `v' is not change. It can be declarable with 'const'.
W,eng_front.c,257,1,c_builtin,W1071,UNC,X99,Function `v_check' has multiple termination points.
W,eng_front.c,258,1,c_builtin,W0118,UNC,X99,"`bind_engine' has external-linkage, but no prototype declaration is in header files."
W,eng_front.c,258,1,c_builtin,W0492,UNC,X99,"The same identifier name `id' is also used in the member of structure/union, label, tag or normal identifier."
C,libp11.h,59,17,c_builtin,C0001,INF,X99,A warning is detected as a pair of this identifier `id'.
C,libp11.h,70,17,c_builtin,C0001,INF,X99,A warning is detected as a pair of this identifier `id'.
W,eng_front.c,258,1,c_builtin,W0422,UNC,X99,Value of the dereferencing pointer may be NULL.
W,eng_front.c,258,1,c_builtin,W0027,UNC,X99,Comparison operation is being made by pointer variable.
W,eng_front.c,258,1,c_builtin,W0104,UNC,X99,The value of formal argument `e' is not change. It can be declarable with 'const'.
W,eng_front.c,258,1,c_builtin,W0104,UNC,X99,The value of formal argument `id' is not change. It can be declarable with 'const'.
W,eng_front.c,258,1,c_builtin,W0104,UNC,X99,The value of formal argument `fns' is not change. It can be declarable with 'const'.
W,eng_front.c,258,1,c_builtin,W0105,UNC,X99,The object which points the formal argument `e' is not change. It can be declaring as pointer type which points const object.
W,eng_front.c,258,1,c_builtin,W1071,UNC,X99,Function `bind_engine' has multiple termination points.
W,eng_front.c,37,30,c_builtin,W0736,UNC,X99,A static variable `engine_cmd_defns' which declared in file scope is read and write in one function only.
W,engine.h,35,1,c_builtin,W0073,UNC,X99,No include guard in this include file.
W,p11_err.h,26,1,c_builtin,W0443,UNC,X99,This function-like macro might be replaced with a function.
W,libp11.h,28,1,c_builtin,W0073,UNC,X99,No include guard in this include file.
W,libp11.h,42,1,c_builtin,W0443,UNC,X99,This function-like macro might be replaced with a function.
W,eng_err.h,26,1,c_builtin,W0443,UNC,X99,This function-like macro might be replaced with a function.
W,engine.h,59,13,c_builtin,W0078,UNC,X99,A function is declared without list of formal argument.
W,eng_front.c,39,3,c_builtin,W0947,UNC,X99,String literal is specified directly.
W,eng_front.c,40,3,c_builtin,W0947,UNC,X99,String literal is specified directly.
W,eng_front.c,43,3,c_builtin,W0947,UNC,X99,String literal is specified directly.
W,eng_front.c,44,3,c_builtin,W0947,UNC,X99,String literal is specified directly.
W,eng_front.c,47,3,c_builtin,W0947,UNC,X99,String literal is specified directly.
W,eng_front.c,48,3,c_builtin,W0947,UNC,X99,String literal is specified directly.
W,eng_front.c,51,3,c_builtin,W0947,UNC,X99,String literal is specified directly.
W,eng_front.c,52,3,c_builtin,W0947,UNC,X99,String literal is specified directly.
W,eng_front.c,55,3,c_builtin,W0947,UNC,X99,String literal is specified directly.
W,eng_front.c,56,3,c_builtin,W0947,UNC,X99,String literal is specified directly.
W,eng_front.c,59,3,c_builtin,W0947,UNC,X99,String literal is specified directly.
W,eng_front.c,60,3,c_builtin,W0947,UNC,X99,String literal is specified directly.
W,eng_front.c,63,3,c_builtin,W0947,UNC,X99,String literal is specified directly.
W,eng_front.c,64,3,c_builtin,W0947,UNC,X99,String literal is specified directly.
W,eng_front.c,67,3,c_builtin,W0947,UNC,X99,String literal is specified directly.
W,eng_front.c,68,3,c_builtin,W0947,UNC,X99,String literal is specified directly.
W,eng_front.c,71,3,c_builtin,W0947,UNC,X99,String literal is specified directly.
W,eng_front.c,72,3,c_builtin,W0947,UNC,X99,String literal is specified directly.
W,eng_front.c,75,3,c_builtin,W0947,UNC,X99,String literal is specified directly.
W,eng_front.c,76,3,c_builtin,W0947,UNC,X99,String literal is specified directly.
W,eng_front.c,86,43,c_builtin,W0947,UNC,X99,String literal is specified directly.
W,eng_front.c,88,4,c_builtin,W0413,UNC,X99,The body of control statement is unenclosed by curly brace `{}' block.
W,eng_front.c,108,3,c_builtin,W0413,UNC,X99,The body of control statement is unenclosed by curly brace `{}' block.
W,eng_front.c,133,3,c_builtin,W0413,UNC,X99,The body of control statement is unenclosed by curly brace `{}' block.
W,eng_front.c,145,3,c_builtin,W0413,UNC,X99,The body of control statement is unenclosed by curly brace `{}' block.
W,eng_front.c,172,3,c_builtin,W0413,UNC,X99,The body of control statement is unenclosed by curly brace `{}' block.
W,eng_front.c,184,3,c_builtin,W0413,UNC,X99,The body of control statement is unenclosed by curly brace `{}' block.
W,eng_front.c,203,3,c_builtin,W0413,UNC,X99,The body of control statement is unenclosed by curly brace `{}' block.
W,eng_front.c,211,6,c_builtin,W0488,UNC,X99,"A function call`()', array's index operation`[]', or structure/union operation `->' or `.' are used with && or ||. It had better clear the coupling by using `()'."
W,eng_front.c,211,6,c_builtin,W0489,UNC,X99,A monadic operator is used with `&&' or `||'. It had better clear the coupling by using `()'.
W,eng_front.c,235,53,c_builtin,W0508,UNC,X99,There's a side effect at the right operand of `&&' or `||'operator.
W,eng_front.c,234,49,c_builtin,W0508,UNC,X99,There's a side effect at the right operand of `&&' or `||'operator.
W,eng_front.c,231,50,c_builtin,W0508,UNC,X99,There's a side effect at the right operand of `&&' or `||'operator.
W,eng_front.c,228,52,c_builtin,W0508,UNC,X99,There's a side effect at the right operand of `&&' or `||'operator.
W,eng_front.c,219,48,c_builtin,W0508,UNC,X99,There's a side effect at the right operand of `&&' or `||'operator.
W,eng_front.c,217,44,c_builtin,W0508,UNC,X99,There's a side effect at the right operand of `&&' or `||'operator.
W,eng_front.c,216,47,c_builtin,W0508,UNC,X99,There's a side effect at the right operand of `&&' or `||'operator.
W,eng_front.c,215,46,c_builtin,W0508,UNC,X99,There's a side effect at the right operand of `&&' or `||'operator.
W,eng_front.c,214,50,c_builtin,W0508,UNC,X99,There's a side effect at the right operand of `&&' or `||'operator.
W,eng_front.c,213,46,c_builtin,W0508,UNC,X99,There's a side effect at the right operand of `&&' or `||'operator.
W,eng_front.c,212,52,c_builtin,W0508,UNC,X99,There's a side effect at the right operand of `&&' or `||'operator.
W,eng_front.c,211,42,c_builtin,W0508,UNC,X99,There's a side effect at the right operand of `&&' or `||'operator.
W,eng_front.c,246,9,c_builtin,W0508,UNC,X99,There's a side effect at the right operand of `&&' or `||'operator.
W,eng_front.c,247,19,c_builtin,W0947,UNC,X99,String literal is specified directly.
W,eng_front.c,251,19,c_builtin,W0947,UNC,X99,String literal is specified directly.
W,eng_front.c,257,1,c_builtin,W0414,UNC,X99,Body of the controlling statement in a line is not enclosed by `{}'.
W,eng_front.c,258,1,c_builtin,W0414,UNC,X99,Body of the controlling statement in a line is not enclosed by `{}'.
W,eng_front.c,258,1,c_builtin,W1072,UNC,X99,A `goto' statement is found.
W,engine.h,40,1,c_builtin,W0070,UNC,X99,Included </usr/include/openssl/objects.h> is not referenced in the translation unit. It can be removed.
W,engine.h,42,1,c_builtin,W0070,UNC,X99,Included </usr/include/openssl/ui.h> is not referenced in the translation unit. It can be removed.
W,eng_front.c,22,1,c_builtin,W0070,UNC,X99,Included </usr/include/openssl/objects.h> is not referenced in the translation unit. It can be removed.
W,engine.h,32,1,c_builtin,W0071,UNC,X99,"Included ""config.h"" is not referenced in the translation unit. It can be removed."
W,libp11.h,27,1,c_builtin,W0071,UNC,X99,"Included ""p11_err.h"" is not referenced in the translation unit. It can be removed."
W,eng_front.c,257,1,c_builtin,W0425,UNC,X99,There are several definitions or statements in a line.
W,eng_front.c,258,1,c_builtin,W0425,UNC,X99,There are several definitions or statements in a line.
W,eng_front.c,38,2,c_builtin,W0432,UNC,X99,Indentation of this line does not comply with the project's indent style.
W,eng_front.c,39,3,c_builtin,W0432,UNC,X99,Indentation of this line does not comply with the project's indent style.
W,eng_front.c,40,3,c_builtin,W0432,UNC,X99,Indentation of this line does not comply with the project's indent style.
W,eng_front.c,42,2,c_builtin,W0432,UNC,X99,Indentation of this line does not comply with the project's indent style.
W,eng_front.c,43,3,c_builtin,W0432,UNC,X99,Indentation of this line does not comply with the project's indent style.
W,eng_front.c,44,3,c_builtin,W0432,UNC,X99,Indentation of this line does not comply with the project's indent style.
W,eng_front.c,46,2,c_builtin,W0432,UNC,X99,Indentation of this line does not comply with the project's indent style.
W,eng_front.c,47,3,c_builtin,W0432,UNC,X99,Indentation of this line does not comply with the project's indent style.
W,eng_front.c,48,3,c_builtin,W0432,UNC,X99,Indentation of this line does not comply with the project's indent style.
W,eng_front.c,50,2,c_builtin,W0432,UNC,X99,Indentation of this line does not comply with the project's indent style.
W,eng_front.c,51,3,c_builtin,W0432,UNC,X99,Indentation of this line does not comply with the project's indent style.
W,eng_front.c,52,3,c_builtin,W0432,UNC,X99,Indentation of this line does not comply with the project's indent style.
W,eng_front.c,54,2,c_builtin,W0432,UNC,X99,Indentation of this line does not comply with the project's indent style.
W,eng_front.c,55,3,c_builtin,W0432,UNC,X99,Indentation of this line does not comply with the project's indent style.
W,eng_front.c,56,3,c_builtin,W0432,UNC,X99,Indentation of this line does not comply with the project's indent style.
W,eng_front.c,58,2,c_builtin,W0432,UNC,X99,Indentation of this line does not comply with the project's indent style.
W,eng_front.c,59,3,c_builtin,W0432,UNC,X99,Indentation of this line does not comply with the project's indent style.
W,eng_front.c,60,3,c_builtin,W0432,UNC,X99,Indentation of this line does not comply with the project's indent style.
W,eng_front.c,62,2,c_builtin,W0432,UNC,X99,Indentation of this line does not comply with the project's indent style.
W,eng_front.c,63,3,c_builtin,W0432,UNC,X99,Indentation of this line does not comply with the project's indent style.
W,eng_front.c,64,3,c_builtin,W0432,UNC,X99,Indentation of this line does not comply with the project's indent style.
W,eng_front.c,66,2,c_builtin,W0432,UNC,X99,Indentation of this line does not comply with the project's indent style.
W,eng_front.c,67,3,c_builtin,W0432,UNC,X99,Indentation of this line does not comply with the project's indent style.
W,eng_front.c,68,3,c_builtin,W0432,UNC,X99,Indentation of this line does not comply with the project's indent style.
W,eng_front.c,70,2,c_builtin,W0432,UNC,X99,Indentation of this line does not comply with the project's indent style.
W,eng_front.c,71,3,c_builtin,W0432,UNC,X99,Indentation of this line does not comply with the project's indent style.
W,eng_front.c,72,3,c_builtin,W0432,UNC,X99,Indentation of this line does not comply with the project's indent style.
W,eng_front.c,74,2,c_builtin,W0432,UNC,X99,Indentation of this line does not comply with the project's indent style.
W,eng_front.c,75,3,c_builtin,W0432,UNC,X99,Indentation of this line does not comply with the project's indent style.
W,eng_front.c,76,3,c_builtin,W0432,UNC,X99,Indentation of this line does not comply with the project's indent style.
W,eng_front.c,78,2,c_builtin,W0432,UNC,X99,Indentation of this line does not comply with the project's indent style.
W,eng_front.c,83,2,c_builtin,W0432,UNC,X99,Indentation of this line does not comply with the project's indent style.
W,eng_front.c,85,2,c_builtin,W0432,UNC,X99,Indentation of this line does not comply with the project's indent style.
W,eng_front.c,86,3,c_builtin,W0432,UNC,X99,Indentation of this line does not comply with the project's indent style.
W,eng_front.c,87,3,c_builtin,W0432,UNC,X99,Indentation of this line does not comply with the project's indent style.
W,eng_front.c,88,4,c_builtin,W0432,UNC,X99,Indentation of this line does not comply with the project's indent style.
W,eng_front.c,89,3,c_builtin,W0432,UNC,X99,Indentation of this line does not comply with the project's indent style.
W,eng_front.c,90,2,c_builtin,W0432,UNC,X99,Indentation of this line does not comply with the project's indent style.
W,eng_front.c,91,3,c_builtin,W0432,UNC,X99,Indentation of this line does not comply with the project's indent style.
W,eng_front.c,92,2,c_builtin,W0432,UNC,X99,Indentation of this line does not comply with the project's indent style.
W,eng_front.c,93,2,c_builtin,W0432,UNC,X99,Indentation of this line does not comply with the project's indent style.
W,eng_front.c,94,3,c_builtin,W0432,UNC,X99,Indentation of this line does not comply with the project's indent style.
W,eng_front.c,95,3,c_builtin,W0432,UNC,X99,Indentation of this line does not comply with the project's indent style.
W,eng_front.c,96,2,c_builtin,W0432,UNC,X99,Indentation of this line does not comply with the project's indent style.
W,eng_front.c,97,2,c_builtin,W0432,UNC,X99,Indentation of this line does not comply with the project's indent style.
W,eng_front.c,103,2,c_builtin,W0432,UNC,X99,Indentation of this line does not comply with the project's indent style.
W,eng_front.c,104,2,c_builtin,W0432,UNC,X99,Indentation of this line does not comply with the project's indent style.
W,eng_front.c,106,2,c_builtin,W0432,UNC,X99,Indentation of this line does not comply with the project's indent style.
W,eng_front.c,107,2,c_builtin,W0432,UNC,X99,Indentation of this line does not comply with the project's indent style.
W,eng_front.c,108,3,c_builtin,W0432,UNC,X99,Indentation of this line does not comply with the project's indent style.
W,eng_front.c,121,2,c_builtin,W0432,UNC,X99,Indentation of this line does not comply with the project's indent style.
W,eng_front.c,122,2,c_builtin,W0432,UNC,X99,Indentation of this line does not comply with the project's indent style.
W,eng_front.c,123,2,c_builtin,W0432,UNC,X99,Indentation of this line does not comply with the project's indent style.
W,eng_front.c,124,2,c_builtin,W0432,UNC,X99,Indentation of this line does not comply with the project's indent style.
W,eng_front.c,129,2,c_builtin,W0432,UNC,X99,Indentation of this line does not comply with the project's indent style.
W,eng_front.c,131,2,c_builtin,W0432,UNC,X99,Indentation of this line does not comply with the project's indent style.
W,eng_front.c,132,2,c_builtin,W0432,UNC,X99,Indentation of this line does not comply with the project's indent style.
W,eng_front.c,133,3,c_builtin,W0432,UNC,X99,Indentation of this line does not comply with the project's indent style.
W,eng_front.c,134,2,c_builtin,W0432,UNC,X99,Indentation of this line does not comply with the project's indent style.
W,eng_front.c,140,2,c_builtin,W0432,UNC,X99,Indentation of this line does not comply with the project's indent style.
W,eng_front.c,141,2,c_builtin,W0432,UNC,X99,Indentation of this line does not comply with the project's indent style.
W,eng_front.c,143,2,c_builtin,W0432,UNC,X99,Indentation of this line does not comply with the project's indent style.
W,eng_front.c,144,2,c_builtin,W0432,UNC,X99,Indentation of this line does not comply with the project's indent style.
W,eng_front.c,145,3,c_builtin,W0432,UNC,X99,Indentation of this line does not comply with the project's indent style.
W,eng_front.c,162,2,c_builtin,W0432,UNC,X99,Indentation of this line does not comply with the project's indent style.
W,eng_front.c,168,2,c_builtin,W0432,UNC,X99,Indentation of this line does not comply with the project's indent style.
W,eng_front.c,170,2,c_builtin,W0432,UNC,X99,Indentation of this line does not comply with the project's indent style.
W,eng_front.c,171,2,c_builtin,W0432,UNC,X99,Indentation of this line does not comply with the project's indent style.
W,eng_front.c,172,3,c_builtin,W0432,UNC,X99,Indentation of this line does not comply with the project's indent style.
W,eng_front.c,173,2,c_builtin,W0432,UNC,X99,Indentation of this line does not comply with the project's indent style.
W,eng_front.c,179,2,c_builtin,W0432,UNC,X99,Indentation of this line does not comply with the project's indent style.
W,eng_front.c,180,2,c_builtin,W0432,UNC,X99,Indentation of this line does not comply with the project's indent style.
W,eng_front.c,182,2,c_builtin,W0432,UNC,X99,Indentation of this line does not comply with the project's indent style.
W,eng_front.c,183,2,c_builtin,W0432,UNC,X99,Indentation of this line does not comply with the project's indent style.
W,eng_front.c,184,3,c_builtin,W0432,UNC,X99,Indentation of this line does not comply with the project's indent style.
W,eng_front.c,185,2,c_builtin,W0432,UNC,X99,Indentation of this line does not comply with the project's indent style.
W,eng_front.c,194,2,c_builtin,W0432,UNC,X99,Indentation of this line does not comply with the project's indent style.
W,eng_front.c,199,2,c_builtin,W0432,UNC,X99,Indentation of this line does not comply with the project's indent style.
W,eng_front.c,201,2,c_builtin,W0432,UNC,X99,Indentation of this line does not comply with the project's indent style.
W,eng_front.c,202,2,c_builtin,W0432,UNC,X99,Indentation of this line does not comply with the project's indent style.
W,eng_front.c,203,3,c_builtin,W0432,UNC,X99,Indentation of this line does not comply with the project's indent style.
W,eng_front.c,204,2,c_builtin,W0432,UNC,X99,Indentation of this line does not comply with the project's indent style.
W,eng_front.c,211,2,c_builtin,W0432,UNC,X99,Indentation of this line does not comply with the project's indent style.
W,eng_front.c,237,3,c_builtin,W0432,UNC,X99,Indentation of this line does not comply with the project's indent style.
W,eng_front.c,238,2,c_builtin,W0432,UNC,X99,Indentation of this line does not comply with the project's indent style.
W,eng_front.c,239,3,c_builtin,W0432,UNC,X99,Indentation of this line does not comply with the project's indent style.
W,eng_front.c,240,3,c_builtin,W0432,UNC,X99,Indentation of this line does not comply with the project's indent style.
W,eng_front.c,241,2,c_builtin,W0432,UNC,X99,Indentation of this line does not comply with the project's indent style.
W,eng_front.c,246,2,c_builtin,W0432,UNC,X99,Indentation of this line does not comply with the project's indent style.
W,eng_front.c,247,3,c_builtin,W0432,UNC,X99,Indentation of this line does not comply with the project's indent style.
W,eng_front.c,248,3,c_builtin,W0432,UNC,X99,Indentation of this line does not comply with the project's indent style.
W,eng_front.c,249,2,c_builtin,W0432,UNC,X99,Indentation of this line does not comply with the project's indent style.
W,eng_front.c,250,2,c_builtin,W0432,UNC,X99,Indentation of this line does not comply with the project's indent style.
W,eng_front.c,251,3,c_builtin,W0432,UNC,X99,Indentation of this line does not comply with the project's indent style.
W,eng_front.c,252,3,c_builtin,W0432,UNC,X99,Indentation of this line does not comply with the project's indent style.
W,eng_front.c,253,2,c_builtin,W0432,UNC,X99,Indentation of this line does not comply with the project's indent style.
W,eng_front.c,254,2,c_builtin,W0432,UNC,X99,Indentation of this line does not comply with the project's indent style.
