W,p11_atfork.c,1,1,c_builtin,W0576,UNC,X99,The character except for basic source character is used in the comment of source file `p11_atfork.c'.
W,config.h,64,1,c_builtin,W0576,UNC,X99,The character except for basic source character is used in the comment of source file `config.h'.
W,p11_err.h,26,1,c_builtin,W0442,UNC,X99,A function-like macro is defined.
W,libp11.h,42,1,c_builtin,W0442,UNC,X99,A function-like macro is defined.
W,libp11.h,415,1,c_builtin,W0442,UNC,X99,A function-like macro is defined.
W,pkcs11.h,799,1,c_builtin,W0442,UNC,X99,A function-like macro is defined.
W,pkcs11.h,801,17,c_builtin,W0549,UNC,X99,A formal argument of macro doesn't enclosed by `()'.
W,pkcs11.h,800,32,c_builtin,W0549,UNC,X99,A formal argument of macro doesn't enclosed by `()'.
W,pkcs11.h,801,22,c_builtin,W0549,UNC,X99,A formal argument of macro doesn't enclosed by `()'.
W,pkcs11.h,1267,1,c_builtin,W0442,UNC,X99,A function-like macro is defined.
W,pkcs11.h,1267,42,c_builtin,W0549,UNC,X99,A formal argument of macro doesn't enclosed by `()'.
W,pkcs11.h,1267,57,c_builtin,W0549,UNC,X99,A formal argument of macro doesn't enclosed by `()'.
W,libp11-int.h,54,1,c_builtin,W0442,UNC,X99,A function-like macro is defined.
W,libp11-int.h,68,1,c_builtin,W0442,UNC,X99,A function-like macro is defined.
W,libp11-int.h,69,1,c_builtin,W0442,UNC,X99,A function-like macro is defined.
W,libp11-int.h,82,1,c_builtin,W0442,UNC,X99,A function-like macro is defined.
W,libp11-int.h,83,1,c_builtin,W0442,UNC,X99,A function-like macro is defined.
W,libp11-int.h,84,1,c_builtin,W0442,UNC,X99,A function-like macro is defined.
W,libp11-int.h,101,1,c_builtin,W0442,UNC,X99,A function-like macro is defined.
W,libp11-int.h,102,1,c_builtin,W0442,UNC,X99,A function-like macro is defined.
W,libp11-int.h,103,1,c_builtin,W0442,UNC,X99,A function-like macro is defined.
W,libp11-int.h,104,1,c_builtin,W0442,UNC,X99,A function-like macro is defined.
W,libp11-int.h,112,1,c_builtin,W0442,UNC,X99,A function-like macro is defined.
W,libp11-int.h,113,1,c_builtin,W0442,UNC,X99,A function-like macro is defined.
W,libp11-int.h,114,1,c_builtin,W0442,UNC,X99,A function-like macro is defined.
W,libp11-int.h,115,1,c_builtin,W0442,UNC,X99,A function-like macro is defined.
W,libp11-int.h,123,1,c_builtin,W0442,UNC,X99,A function-like macro is defined.
W,libp11-int.h,126,11,c_builtin,W0549,UNC,X99,A formal argument of macro doesn't enclosed by `()'.
W,libp11-int.h,126,14,c_builtin,W0549,UNC,X99,A formal argument of macro doesn't enclosed by `()'.
W,libp11-int.h,131,1,c_builtin,W0442,UNC,X99,A function-like macro is defined.
W,libp11-int.h,132,24,c_builtin,W0549,UNC,X99,A formal argument of macro doesn't enclosed by `()'.
W,libp11-int.h,136,1,c_builtin,W0442,UNC,X99,A function-like macro is defined.
W,libp11-int.h,137,25,c_builtin,W0549,UNC,X99,A formal argument of macro doesn't enclosed by `()'.
W,libp11-int.h,144,1,c_builtin,W0442,UNC,X99,A function-like macro is defined.
W,libp11-int.h,145,48,c_builtin,W0549,UNC,X99,A formal argument of macro doesn't enclosed by `()'.
W,libp11-int.h,146,1,c_builtin,W0442,UNC,X99,A function-like macro is defined.
W,libp11-int.h,147,50,c_builtin,W0549,UNC,X99,A formal argument of macro doesn't enclosed by `()'.
W,libp11-int.h,148,1,c_builtin,W0442,UNC,X99,A function-like macro is defined.
W,libp11-int.h,149,47,c_builtin,W0549,UNC,X99,A formal argument of macro doesn't enclosed by `()'.
W,libp11-int.h,150,1,c_builtin,W0442,UNC,X99,A function-like macro is defined.
W,libp11-int.h,151,49,c_builtin,W0549,UNC,X99,A formal argument of macro doesn't enclosed by `()'.
W,libp11-int.h,156,1,c_builtin,W0442,UNC,X99,A function-like macro is defined.
W,libp11-int.h,190,1,c_builtin,W0442,UNC,X99,A function-like macro is defined.
W,libp11-int.h,193,1,c_builtin,W0442,UNC,X99,A function-like macro is defined.
W,libp11-int.h,196,1,c_builtin,W0442,UNC,X99,A function-like macro is defined.
W,libp11-int.h,203,1,c_builtin,W0442,UNC,X99,A function-like macro is defined.
W,pkcs11.h,766,3,c_builtin,W0491,UNC,X99,The same identifier name `CK_ECDH1_DERIVE_PARAMS' is also used in the declaration of other namespace.
C,pkcs11.h,760,16,c_builtin,C0001,INF,X99,A warning is detected as a pair of this identifier `CK_ECDH1_DERIVE_PARAMS'.
W,pkcs11.h,776,3,c_builtin,W0491,UNC,X99,The same identifier name `CK_RSA_PKCS_OAEP_PARAMS' is also used in the declaration of other namespace.
C,pkcs11.h,770,16,c_builtin,C0001,INF,X99,A warning is detected as a pair of this identifier `CK_RSA_PKCS_OAEP_PARAMS'.
W,pkcs11.h,782,3,c_builtin,W0491,UNC,X99,The same identifier name `CK_RSA_PKCS_PSS_PARAMS' is also used in the declaration of other namespace.
C,pkcs11.h,778,16,c_builtin,C0001,INF,X99,A warning is detected as a pair of this identifier `CK_RSA_PKCS_PSS_PARAMS'.
W,p11_atfork.c,44,34,c_builtin,W0167,UNC,X99,Implicit conversion from `signed int' to `unsigned int'.
W,p11_atfork.c,46,28,c_builtin,W1076,UNC,X99,`_P11_get_forkid' has internal-linkage without any prototype declarations.
W,p11_atfork.c,51,19,c_builtin,W1076,UNC,X99,`_P11_detect_fork' has internal-linkage without any prototype declarations.
W,p11_atfork.c,51,49,c_builtin,W0492,UNC,X99,"The same identifier name `forkid' is also used in the member of structure/union, label, tag or normal identifier."
C,libp11-int.h,49,15,c_builtin,C0001,INF,X99,A warning is detected as a pair of this identifier `forkid'.
C,libp11-int.h,61,15,c_builtin,C0001,INF,X99,A warning is detected as a pair of this identifier `forkid'.
C,libp11-int.h,99,15,c_builtin,C0001,INF,X99,A warning is detected as a pair of this identifier `forkid'.
W,p11_atfork.c,51,49,c_builtin,W0104,UNC,X99,The value of formal argument `forkid' is not change. It can be declarable with 'const'.
W,p11_atfork.c,51,19,c_builtin,W1071,UNC,X99,Function `_P11_detect_fork' has multiple termination points.
W,p11_atfork.c,58,13,c_builtin,W1076,UNC,X99,`fork_handler' has internal-linkage without any prototype declarations.
W,p11_atfork.c,63,12,c_builtin,W0118,UNC,X99,"`__register_atfork' has external-linkage, but no prototype declaration is in header files."
W,p11_atfork.c,64,14,c_builtin,W0118,UNC,X99,"`__dso_handle' has external-linkage, but no prototype declaration is in header files."
W,p11_atfork.c,67,5,c_builtin,W0117,UNC,X99,`_P11_register_fork_handler' has external-linkage without any prototype declarations.
W,p11_atfork.c,67,5,c_builtin,W1071,UNC,X99,Function `_P11_register_fork_handler' has multiple termination points.
W,p11_atfork.c,107,12,c_builtin,W1076,UNC,X99,`check_fork_int' has internal-linkage without any prototype declarations.
W,p11_atfork.c,109,30,c_builtin,W0422,UNC,X99,Value of the dereferencing pointer may be NULL.
C,,,,c_builtin,C1000,INF,X99,Warning above is detected in the following context.
C,p11_atfork.c,107,39,c_builtin,C1005,INF,X99,A value possibly be NULL is assigned to the problematic variable.
W,p11_atfork.c,111,28,c_builtin,W0422,UNC,X99,Value of the dereferencing pointer may be NULL.
C,,,,c_builtin,C1000,INF,X99,Warning above is detected in the following context.
C,p11_atfork.c,109,22,c_builtin,C1005,INF,X99,A value possibly be NULL is assigned to the problematic variable.
W,p11_atfork.c,114,8,c_builtin,W0422,UNC,X99,Value of the dereferencing pointer may be NULL.
C,,,,c_builtin,C1000,INF,X99,Warning above is detected in the following context.
C,p11_atfork.c,109,22,c_builtin,C1005,INF,X99,A value possibly be NULL is assigned to the problematic variable.
W,p11_atfork.c,109,22,c_builtin,W0100,UNC,X99,The variable `cpriv' has not been reassigned since the initial value is assigned. It may be able to be defined as `const' with an initial value.
W,p11_atfork.c,107,39,c_builtin,W0104,UNC,X99,The value of formal argument `ctx' is not change. It can be declarable with 'const'.
W,p11_atfork.c,107,39,c_builtin,W0105,UNC,X99,The object which points the formal argument `ctx' is not change. It can be declaring as pointer type which points const object.
W,p11_atfork.c,107,12,c_builtin,W1071,UNC,X99,Function `check_fork_int' has multiple termination points.
W,p11_atfork.c,123,12,c_builtin,W1076,UNC,X99,`check_slot_fork_int' has internal-linkage without any prototype declarations.
W,p11_atfork.c,125,31,c_builtin,W0422,UNC,X99,Value of the dereferencing pointer may be NULL.
C,,,,c_builtin,C1000,INF,X99,Warning above is detected in the following context.
C,p11_atfork.c,123,45,c_builtin,C1005,INF,X99,A value possibly be NULL is assigned to the problematic variable.
W,p11_atfork.c,126,20,c_builtin,W0422,UNC,X99,Value of the dereferencing pointer may be NULL.
C,,,,c_builtin,C1000,INF,X99,Warning above is detected in the following context.
C,p11_atfork.c,123,45,c_builtin,C1005,INF,X99,A value possibly be NULL is assigned to the problematic variable.
W,p11_atfork.c,127,30,c_builtin,W0422,UNC,X99,Value of the dereferencing pointer may be NULL.
C,,,,c_builtin,C1000,INF,X99,Warning above is detected in the following context.
C,p11_atfork.c,126,14,c_builtin,C1005,INF,X99,A value possibly be NULL is assigned to the problematic variable.
W,p11_atfork.c,129,21,c_builtin,W0422,UNC,X99,Value of the dereferencing pointer may be NULL.
C,,,,c_builtin,C1000,INF,X99,Warning above is detected in the following context.
C,p11_atfork.c,123,45,c_builtin,C1005,INF,X99,A value possibly be NULL is assigned to the problematic variable.
W,p11_atfork.c,131,11,c_builtin,W0422,UNC,X99,Value of the dereferencing pointer may be NULL.
C,,,,c_builtin,C1000,INF,X99,Warning above is detected in the following context.
C,p11_atfork.c,125,23,c_builtin,C1005,INF,X99,A value possibly be NULL is assigned to the problematic variable.
W,p11_atfork.c,131,28,c_builtin,W0422,UNC,X99,Value of the dereferencing pointer may be NULL.
C,,,,c_builtin,C1000,INF,X99,Warning above is detected in the following context.
C,p11_atfork.c,127,22,c_builtin,C1005,INF,X99,A value possibly be NULL is assigned to the problematic variable.
W,p11_atfork.c,132,12,c_builtin,W0422,UNC,X99,Value of the dereferencing pointer may be NULL.
C,,,,c_builtin,C1000,INF,X99,Warning above is detected in the following context.
C,p11_atfork.c,125,23,c_builtin,C1005,INF,X99,A value possibly be NULL is assigned to the problematic variable.
W,p11_atfork.c,133,21,c_builtin,W0422,UNC,X99,Value of the dereferencing pointer may be NULL.
C,,,,c_builtin,C1000,INF,X99,Warning above is detected in the following context.
C,p11_atfork.c,125,23,c_builtin,C1005,INF,X99,A value possibly be NULL is assigned to the problematic variable.
W,p11_atfork.c,133,21,c_builtin,W0246,UNC,X99,Implicit conversion from `unsigned char' to `signed int'.
W,p11_atfork.c,134,9,c_builtin,W0422,UNC,X99,Value of the dereferencing pointer may be NULL.
C,,,,c_builtin,C1000,INF,X99,Warning above is detected in the following context.
C,p11_atfork.c,125,23,c_builtin,C1005,INF,X99,A value possibly be NULL is assigned to the problematic variable.
W,p11_atfork.c,134,25,c_builtin,W0165,UNC,X99,Implicit conversion from `signed int' to `unsigned char'.
W,p11_atfork.c,135,9,c_builtin,W0422,UNC,X99,Value of the dereferencing pointer may be NULL.
C,,,,c_builtin,C1000,INF,X99,Warning above is detected in the following context.
C,p11_atfork.c,125,23,c_builtin,C1005,INF,X99,A value possibly be NULL is assigned to the problematic variable.
W,p11_atfork.c,135,22,c_builtin,W0165,UNC,X99,Implicit conversion from `signed int' to `unsigned char'.
W,p11_atfork.c,138,9,c_builtin,W0422,UNC,X99,Value of the dereferencing pointer may be NULL.
C,,,,c_builtin,C1000,INF,X99,Warning above is detected in the following context.
C,p11_atfork.c,125,23,c_builtin,C1005,INF,X99,A value possibly be NULL is assigned to the problematic variable.
W,p11_atfork.c,138,25,c_builtin,W0165,UNC,X99,Implicit conversion from `signed int' to `unsigned char'.
W,p11_atfork.c,133,8,c_builtin,W0100,UNC,X99,The variable `saved' has not been reassigned since the initial value is assigned. It may be able to be defined as `const' with an initial value.
W,p11_atfork.c,140,12,c_builtin,W0422,UNC,X99,Value of the dereferencing pointer may be NULL.
C,,,,c_builtin,C1000,INF,X99,Warning above is detected in the following context.
C,p11_atfork.c,125,23,c_builtin,C1005,INF,X99,A value possibly be NULL is assigned to the problematic variable.
W,p11_atfork.c,141,9,c_builtin,W0422,UNC,X99,Value of the dereferencing pointer may be NULL.
C,,,,c_builtin,C1000,INF,X99,Warning above is detected in the following context.
C,p11_atfork.c,125,23,c_builtin,C1005,INF,X99,A value possibly be NULL is assigned to the problematic variable.
W,p11_atfork.c,141,25,c_builtin,W0165,UNC,X99,Implicit conversion from `signed int' to `unsigned char'.
W,p11_atfork.c,145,8,c_builtin,W0422,UNC,X99,Value of the dereferencing pointer may be NULL.
C,,,,c_builtin,C1000,INF,X99,Warning above is detected in the following context.
C,p11_atfork.c,125,23,c_builtin,C1005,INF,X99,A value possibly be NULL is assigned to the problematic variable.
W,p11_atfork.c,145,24,c_builtin,W0422,UNC,X99,Value of the dereferencing pointer may be NULL.
C,,,,c_builtin,C1000,INF,X99,Warning above is detected in the following context.
C,p11_atfork.c,127,22,c_builtin,C1005,INF,X99,A value possibly be NULL is assigned to the problematic variable.
W,p11_atfork.c,125,23,c_builtin,W0100,UNC,X99,The variable `spriv' has not been reassigned since the initial value is assigned. It may be able to be defined as `const' with an initial value.
W,p11_atfork.c,126,14,c_builtin,W0100,UNC,X99,The variable `ctx' has not been reassigned since the initial value is assigned. It may be able to be defined as `const' with an initial value.
W,p11_atfork.c,127,22,c_builtin,W0100,UNC,X99,The variable `cpriv' has not been reassigned since the initial value is assigned. It may be able to be defined as `const' with an initial value.
W,p11_atfork.c,123,45,c_builtin,W0104,UNC,X99,The value of formal argument `slot' is not change. It can be declarable with 'const'.
W,p11_atfork.c,123,45,c_builtin,W0105,UNC,X99,The object which points the formal argument `slot' is not change. It can be declaring as pointer type which points const object.
W,p11_atfork.c,123,12,c_builtin,W1071,UNC,X99,Function `check_slot_fork_int' has multiple termination points.
W,p11_atfork.c,154,12,c_builtin,W1076,UNC,X99,`check_key_fork_int' has internal-linkage without any prototype declarations.
W,p11_atfork.c,156,22,c_builtin,W0422,UNC,X99,Value of the dereferencing pointer may be NULL.
C,,,,c_builtin,C1000,INF,X99,Warning above is detected in the following context.
C,p11_atfork.c,154,43,c_builtin,C1005,INF,X99,A value possibly be NULL is assigned to the problematic variable.
W,p11_atfork.c,157,30,c_builtin,W0422,UNC,X99,Value of the dereferencing pointer may be NULL.
C,,,,c_builtin,C1000,INF,X99,Warning above is detected in the following context.
C,p11_atfork.c,154,43,c_builtin,C1005,INF,X99,A value possibly be NULL is assigned to the problematic variable.
W,p11_atfork.c,158,31,c_builtin,W0422,UNC,X99,Value of the dereferencing pointer may be NULL.
C,,,,c_builtin,C1000,INF,X99,Warning above is detected in the following context.
C,p11_atfork.c,156,15,c_builtin,C1005,INF,X99,A value possibly be NULL is assigned to the problematic variable.
W,p11_atfork.c,162,11,c_builtin,W0422,UNC,X99,Value of the dereferencing pointer may be NULL.
C,,,,c_builtin,C1000,INF,X99,Warning above is detected in the following context.
C,p11_atfork.c,158,23,c_builtin,C1005,INF,X99,A value possibly be NULL is assigned to the problematic variable.
W,p11_atfork.c,162,28,c_builtin,W0422,UNC,X99,Value of the dereferencing pointer may be NULL.
C,,,,c_builtin,C1000,INF,X99,Warning above is detected in the following context.
C,p11_atfork.c,157,22,c_builtin,C1005,INF,X99,A value possibly be NULL is assigned to the problematic variable.
W,p11_atfork.c,164,8,c_builtin,W0422,UNC,X99,Value of the dereferencing pointer may be NULL.
C,,,,c_builtin,C1000,INF,X99,Warning above is detected in the following context.
C,p11_atfork.c,157,22,c_builtin,C1005,INF,X99,A value possibly be NULL is assigned to the problematic variable.
W,p11_atfork.c,164,24,c_builtin,W0422,UNC,X99,Value of the dereferencing pointer may be NULL.
C,,,,c_builtin,C1000,INF,X99,Warning above is detected in the following context.
C,p11_atfork.c,158,23,c_builtin,C1005,INF,X99,A value possibly be NULL is assigned to the problematic variable.
W,p11_atfork.c,156,15,c_builtin,W0100,UNC,X99,The variable `slot' has not been reassigned since the initial value is assigned. It may be able to be defined as `const' with an initial value.
W,p11_atfork.c,157,22,c_builtin,W0100,UNC,X99,The variable `kpriv' has not been reassigned since the initial value is assigned. It may be able to be defined as `const' with an initial value.
W,p11_atfork.c,158,23,c_builtin,W0100,UNC,X99,The variable `spriv' has not been reassigned since the initial value is assigned. It may be able to be defined as `const' with an initial value.
W,p11_atfork.c,154,43,c_builtin,W0104,UNC,X99,The value of formal argument `key' is not change. It can be declarable with 'const'.
W,p11_atfork.c,154,43,c_builtin,W0105,UNC,X99,The object which points the formal argument `key' is not change. It can be declaring as pointer type which points const object.
W,p11_atfork.c,154,12,c_builtin,W1071,UNC,X99,Function `check_key_fork_int' has multiple termination points.
W,p11_atfork.c,163,20,c_builtin,W1073,UNC,X99,Return value of the function `pkcs11_reload_key' is discarded.
W,p11_atfork.c,180,2,c_builtin,W0422,UNC,X99,Value of the dereferencing pointer may be NULL.
C,,,,c_builtin,C1000,INF,X99,Warning above is detected in the following context.
C,p11_atfork.c,174,22,c_builtin,C1005,INF,X99,A value possibly be NULL is assigned to the problematic variable.
C,p11_atfork.c,179,8,c_builtin,C1005,INF,X99,A value possibly be NULL is assigned to the problematic variable.
W,p11_atfork.c,180,2,c_builtin,W0572,UNC,X99,Bitwise operation of signed value causes implementation-defined behavior.
W,p11_atfork.c,180,2,c_builtin,W9003,UNC,X99,An object typed `char *' is implicitly converted into an object of type `int'.
W,p11_atfork.c,182,2,c_builtin,W0422,UNC,X99,Value of the dereferencing pointer may be NULL.
C,,,,c_builtin,C1000,INF,X99,Warning above is detected in the following context.
C,p11_atfork.c,174,22,c_builtin,C1005,INF,X99,A value possibly be NULL is assigned to the problematic variable.
C,p11_atfork.c,179,8,c_builtin,C1005,INF,X99,A value possibly be NULL is assigned to the problematic variable.
W,p11_atfork.c,182,2,c_builtin,W0572,UNC,X99,Bitwise operation of signed value causes implementation-defined behavior.
W,p11_atfork.c,182,2,c_builtin,W9003,UNC,X99,An object typed `char *' is implicitly converted into an object of type `int'.
W,p11_atfork.c,174,22,c_builtin,W0100,UNC,X99,The variable `cpriv' has not been reassigned since the initial value is assigned. It may be able to be defined as `const' with an initial value.
W,p11_atfork.c,175,6,c_builtin,W0100,UNC,X99,The variable `rv' has not been reassigned since the initial value is assigned. It may be able to be defined as `const' with an initial value.
W,p11_atfork.c,172,28,c_builtin,W0104,UNC,X99,The value of formal argument `ctx' is not change. It can be declarable with 'const'.
W,p11_atfork.c,172,28,c_builtin,W0105,UNC,X99,The object which points the formal argument `ctx' is not change. It can be declaring as pointer type which points const object.
W,p11_atfork.c,172,5,c_builtin,W1071,UNC,X99,Function `check_fork' has multiple termination points.
W,p11_atfork.c,196,10,c_builtin,W0422,UNC,X99,Value of the dereferencing pointer may be NULL.
W,p11_atfork.c,197,2,c_builtin,W0422,UNC,X99,Value of the dereferencing pointer may be NULL.
C,,,,c_builtin,C1000,INF,X99,Warning above is detected in the following context.
C,p11_atfork.c,191,22,c_builtin,C1005,INF,X99,A value possibly be NULL is assigned to the problematic variable.
C,p11_atfork.c,196,8,c_builtin,C1005,INF,X99,A value possibly be NULL is assigned to the problematic variable.
W,p11_atfork.c,197,2,c_builtin,W0572,UNC,X99,Bitwise operation of signed value causes implementation-defined behavior.
W,p11_atfork.c,197,2,c_builtin,W9003,UNC,X99,An object typed `char *' is implicitly converted into an object of type `int'.
W,p11_atfork.c,199,2,c_builtin,W0422,UNC,X99,Value of the dereferencing pointer may be NULL.
C,,,,c_builtin,C1000,INF,X99,Warning above is detected in the following context.
C,p11_atfork.c,191,22,c_builtin,C1005,INF,X99,A value possibly be NULL is assigned to the problematic variable.
C,p11_atfork.c,196,8,c_builtin,C1005,INF,X99,A value possibly be NULL is assigned to the problematic variable.
W,p11_atfork.c,199,2,c_builtin,W0572,UNC,X99,Bitwise operation of signed value causes implementation-defined behavior.
W,p11_atfork.c,199,2,c_builtin,W9003,UNC,X99,An object typed `char *' is implicitly converted into an object of type `int'.
W,p11_atfork.c,191,22,c_builtin,W0100,UNC,X99,The variable `cpriv' has not been reassigned since the initial value is assigned. It may be able to be defined as `const' with an initial value.
W,p11_atfork.c,192,6,c_builtin,W0100,UNC,X99,The variable `rv' has not been reassigned since the initial value is assigned. It may be able to be defined as `const' with an initial value.
W,p11_atfork.c,189,34,c_builtin,W0104,UNC,X99,The value of formal argument `slot' is not change. It can be declarable with 'const'.
W,p11_atfork.c,189,34,c_builtin,W0105,UNC,X99,The object which points the formal argument `slot' is not change. It can be declaring as pointer type which points const object.
W,p11_atfork.c,189,5,c_builtin,W1071,UNC,X99,Function `check_slot_fork' has multiple termination points.
W,p11_atfork.c,206,36,c_builtin,W0492,UNC,X99,"The same identifier name `token' is also used in the member of structure/union, label, tag or normal identifier."
C,libp11.h,104,16,c_builtin,C0001,INF,X99,A warning is detected as a pair of this identifier `token'.
W,p11_atfork.c,210,25,c_builtin,W0422,UNC,X99,Value of the dereferencing pointer may be NULL.
W,p11_atfork.c,206,36,c_builtin,W0104,UNC,X99,The value of formal argument `token' is not change. It can be declarable with 'const'.
W,p11_atfork.c,206,36,c_builtin,W0105,UNC,X99,The object which points the formal argument `token' is not change. It can be declaring as pointer type which points const object.
W,p11_atfork.c,206,5,c_builtin,W1071,UNC,X99,Function `check_token_fork' has multiple termination points.
W,p11_atfork.c,223,10,c_builtin,W0422,UNC,X99,Value of the dereferencing pointer may be NULL.
W,p11_atfork.c,224,2,c_builtin,W0422,UNC,X99,Value of the dereferencing pointer may be NULL.
C,,,,c_builtin,C1000,INF,X99,Warning above is detected in the following context.
C,p11_atfork.c,218,22,c_builtin,C1005,INF,X99,A value possibly be NULL is assigned to the problematic variable.
C,p11_atfork.c,223,8,c_builtin,C1005,INF,X99,A value possibly be NULL is assigned to the problematic variable.
W,p11_atfork.c,224,2,c_builtin,W0572,UNC,X99,Bitwise operation of signed value causes implementation-defined behavior.
W,p11_atfork.c,224,2,c_builtin,W9003,UNC,X99,An object typed `char *' is implicitly converted into an object of type `int'.
W,p11_atfork.c,226,2,c_builtin,W0422,UNC,X99,Value of the dereferencing pointer may be NULL.
C,,,,c_builtin,C1000,INF,X99,Warning above is detected in the following context.
C,p11_atfork.c,218,22,c_builtin,C1005,INF,X99,A value possibly be NULL is assigned to the problematic variable.
C,p11_atfork.c,223,8,c_builtin,C1005,INF,X99,A value possibly be NULL is assigned to the problematic variable.
W,p11_atfork.c,226,2,c_builtin,W0572,UNC,X99,Bitwise operation of signed value causes implementation-defined behavior.
W,p11_atfork.c,226,2,c_builtin,W9003,UNC,X99,An object typed `char *' is implicitly converted into an object of type `int'.
W,p11_atfork.c,218,22,c_builtin,W0100,UNC,X99,The variable `cpriv' has not been reassigned since the initial value is assigned. It may be able to be defined as `const' with an initial value.
W,p11_atfork.c,219,6,c_builtin,W0100,UNC,X99,The variable `rv' has not been reassigned since the initial value is assigned. It may be able to be defined as `const' with an initial value.
W,p11_atfork.c,216,32,c_builtin,W0104,UNC,X99,The value of formal argument `key' is not change. It can be declarable with 'const'.
W,p11_atfork.c,216,32,c_builtin,W0105,UNC,X99,The object which points the formal argument `key' is not change. It can be declaring as pointer type which points const object.
W,p11_atfork.c,216,5,c_builtin,W1071,UNC,X99,Function `check_key_fork' has multiple termination points.
W,p11_atfork.c,237,26,c_builtin,W0422,UNC,X99,Value of the dereferencing pointer may be NULL.
W,p11_atfork.c,233,34,c_builtin,W0104,UNC,X99,The value of formal argument `cert' is not change. It can be declarable with 'const'.
W,p11_atfork.c,233,34,c_builtin,W0105,UNC,X99,The object which points the formal argument `cert' is not change. It can be declaring as pointer type which points const object.
W,p11_atfork.c,233,5,c_builtin,W1071,UNC,X99,Function `check_cert_fork' has multiple termination points.
W,libp11.h,39,5,c_builtin,W0771,UNC,X99,A global identifier `ERR_load_CKR_strings' is declared in more than one file.
C,libp11-int.h,133,12,c_builtin,C0001,INF,X99,A warning is detected as a pair of this identifier `ERR_load_CKR_strings'.
W,libp11-int.h,133,12,c_builtin,W0771,UNC,X99,A global identifier `ERR_load_CKR_strings' is declared in more than one file.
C,libp11.h,39,5,c_builtin,C0001,INF,X99,A warning is detected as a pair of this identifier `ERR_load_CKR_strings'.
W,libp11-int.h,27,1,c_builtin,W0073,UNC,X99,No include guard in this include file.
W,p11_err.h,26,1,c_builtin,W0443,UNC,X99,This function-like macro might be replaced with a function.
W,libp11.h,28,1,c_builtin,W0073,UNC,X99,No include guard in this include file.
W,libp11.h,42,1,c_builtin,W0443,UNC,X99,This function-like macro might be replaced with a function.
W,pkcs11.h,271,1,c_builtin,W0479,UNC,X99,This macro definition might be replaced with 'typedef' declaration.
W,pkcs11.h,799,1,c_builtin,W0478,UNC,X99,This macro defines scraps of unrecognized codes.
W,pkcs11.h,1267,1,c_builtin,W0443,UNC,X99,This function-like macro might be replaced with a function.
W,libp11-int.h,69,1,c_builtin,W0443,UNC,X99,This function-like macro might be replaced with a function.
W,libp11-int.h,83,1,c_builtin,W0443,UNC,X99,This function-like macro might be replaced with a function.
W,libp11-int.h,84,1,c_builtin,W0443,UNC,X99,This function-like macro might be replaced with a function.
W,libp11-int.h,102,1,c_builtin,W0443,UNC,X99,This function-like macro might be replaced with a function.
W,libp11-int.h,103,1,c_builtin,W0443,UNC,X99,This function-like macro might be replaced with a function.
W,libp11-int.h,104,1,c_builtin,W0443,UNC,X99,This function-like macro might be replaced with a function.
W,libp11-int.h,113,1,c_builtin,W0443,UNC,X99,This function-like macro might be replaced with a function.
W,libp11-int.h,114,1,c_builtin,W0443,UNC,X99,This function-like macro might be replaced with a function.
W,libp11-int.h,115,1,c_builtin,W0443,UNC,X99,This function-like macro might be replaced with a function.
W,libp11-int.h,131,1,c_builtin,W0443,UNC,X99,This function-like macro might be replaced with a function.
W,libp11-int.h,144,1,c_builtin,W0478,UNC,X99,This macro defines scraps of unrecognized codes.
W,libp11-int.h,146,1,c_builtin,W0478,UNC,X99,This macro defines scraps of unrecognized codes.
W,libp11-int.h,148,1,c_builtin,W0478,UNC,X99,This macro defines scraps of unrecognized codes.
W,libp11-int.h,150,1,c_builtin,W0478,UNC,X99,This macro defines scraps of unrecognized codes.
W,libp11-int.h,156,1,c_builtin,W0443,UNC,X99,This function-like macro might be replaced with a function.
W,libp11-int.h,190,1,c_builtin,W0443,UNC,X99,This function-like macro might be replaced with a function.
W,libp11-int.h,193,1,c_builtin,W0443,UNC,X99,This function-like macro might be replaced with a function.
W,libp11-int.h,196,1,c_builtin,W0443,UNC,X99,This function-like macro might be replaced with a function.
W,libp11-int.h,203,1,c_builtin,W0443,UNC,X99,This function-like macro might be replaced with a function.
W,pkcs11.h,188,8,c_builtin,W0809,UNC,X99,An identifier `_CK_VERSION' is reserved by the library.
W,pkcs11.h,195,8,c_builtin,W0809,UNC,X99,An identifier `_CK_INFO' is reserved by the library.
W,pkcs11.h,213,8,c_builtin,W0809,UNC,X99,An identifier `_CK_SLOT_INFO' is reserved by the library.
W,pkcs11.h,229,8,c_builtin,W0809,UNC,X99,An identifier `_CK_TOKEN_INFO' is reserved by the library.
W,pkcs11.h,296,8,c_builtin,W0809,UNC,X99,An identifier `_CK_SESSION_INFO' is reserved by the library.
W,pkcs11.h,466,8,c_builtin,W0809,UNC,X99,An identifier `_CK_ATTRIBUTE' is reserved by the library.
W,pkcs11.h,474,8,c_builtin,W0809,UNC,X99,An identifier `_CK_DATE' is reserved by the library.
W,pkcs11.h,717,8,c_builtin,W0809,UNC,X99,An identifier `_CK_MECHANISM' is reserved by the library.
W,pkcs11.h,725,8,c_builtin,W0809,UNC,X99,An identifier `_CK_MECHANISM_INFO' is reserved by the library.
W,pkcs11.h,1080,8,c_builtin,W0809,UNC,X99,An identifier `_CK_FUNCTION_LIST' is reserved by the library.
W,pkcs11.h,1160,8,c_builtin,W0809,UNC,X99,An identifier `_CK_C_INITIALIZE_ARGS' is reserved by the library.
W,pkcs11.h,1324,30,c_builtin,W0039,UNC,X99,The number of local identifier in the block exceeds 127. This program doesn't meet the strict ISO C90 standards of the term.
W,libp11-int.h,142,5,c_builtin,W0078,UNC,X99,A function is declared without list of formal argument.
W,libp11-int.h,160,21,c_builtin,W0078,UNC,X99,A function is declared without list of formal argument.
W,libp11-int.h,168,14,c_builtin,W0542,UNC,X99,There are identifiers in the part of formal argument in a function declaration.
W,libp11-int.h,328,12,c_builtin,W0542,UNC,X99,There are identifiers in the part of formal argument in a function declaration.
W,libp11-int.h,329,12,c_builtin,W0542,UNC,X99,There are identifiers in the part of formal argument in a function declaration.
W,p11_atfork.c,46,28,c_builtin,W0809,UNC,X99,An identifier `_P11_get_forkid' is reserved by the library.
W,p11_atfork.c,51,19,c_builtin,W0809,UNC,X99,An identifier `_P11_detect_fork' is reserved by the library.
W,p11_atfork.c,54,3,c_builtin,W0413,UNC,X99,The body of control statement is unenclosed by curly brace `{}' block.
W,p11_atfork.c,63,12,c_builtin,W0809,UNC,X99,An identifier `__register_atfork' is reserved by the library.
W,p11_atfork.c,64,14,c_builtin,W0809,UNC,X99,An identifier `__dso_handle' is reserved by the library.
W,p11_atfork.c,67,5,c_builtin,W0809,UNC,X99,An identifier `_P11_register_fork_handler' is reserved by the library.
W,p11_atfork.c,70,3,c_builtin,W0413,UNC,X99,The body of control statement is unenclosed by curly brace `{}' block.
W,p11_atfork.c,97,14,c_builtin,W0540,UNC,X99,A function which the blank formal argument list is declared. `void' is omitted.
W,p11_atfork.c,113,4,c_builtin,W0413,UNC,X99,The body of control statement is unenclosed by curly brace `{}' block.
W,p11_atfork.c,130,3,c_builtin,W0413,UNC,X99,The body of control statement is unenclosed by curly brace `{}' block.
W,p11_atfork.c,137,5,c_builtin,W0413,UNC,X99,The body of control statement is unenclosed by curly brace `{}' block.
W,p11_atfork.c,143,5,c_builtin,W0413,UNC,X99,The body of control statement is unenclosed by curly brace `{}' block.
W,p11_atfork.c,161,3,c_builtin,W0413,UNC,X99,The body of control statement is unenclosed by curly brace `{}' block.
W,p11_atfork.c,178,3,c_builtin,W0413,UNC,X99,The body of control statement is unenclosed by curly brace `{}' block.
W,p11_atfork.c,180,2,c_builtin,W0414,UNC,X99,Body of the controlling statement in a line is not enclosed by `{}'.
W,p11_atfork.c,182,2,c_builtin,W0414,UNC,X99,Body of the controlling statement in a line is not enclosed by `{}'.
W,p11_atfork.c,195,3,c_builtin,W0413,UNC,X99,The body of control statement is unenclosed by curly brace `{}' block.
W,p11_atfork.c,197,2,c_builtin,W0414,UNC,X99,Body of the controlling statement in a line is not enclosed by `{}'.
W,p11_atfork.c,199,2,c_builtin,W0414,UNC,X99,Body of the controlling statement in a line is not enclosed by `{}'.
W,p11_atfork.c,209,3,c_builtin,W0413,UNC,X99,The body of control statement is unenclosed by curly brace `{}' block.
W,p11_atfork.c,222,3,c_builtin,W0413,UNC,X99,The body of control statement is unenclosed by curly brace `{}' block.
W,p11_atfork.c,224,2,c_builtin,W0414,UNC,X99,Body of the controlling statement in a line is not enclosed by `{}'.
W,p11_atfork.c,226,2,c_builtin,W0414,UNC,X99,Body of the controlling statement in a line is not enclosed by `{}'.
W,p11_atfork.c,236,3,c_builtin,W0413,UNC,X99,The body of control statement is unenclosed by curly brace `{}' block.
W,libp11.h,29,1,c_builtin,W0070,UNC,X99,Included </usr/include/openssl/err.h> is not referenced in the translation unit. It can be removed.
W,libp11.h,27,1,c_builtin,W0071,UNC,X99,"Included ""p11_err.h"" is not referenced in the translation unit. It can be removed."
W,p11_atfork.c,111,2,c_builtin,W0114,UNC,X99,This control expression is not explicit logical operation.
W,p11_atfork.c,132,3,c_builtin,W0114,UNC,X99,This control expression is not explicit logical operation.
W,p11_atfork.c,140,3,c_builtin,W0114,UNC,X99,This control expression is not explicit logical operation.
W,p11_atfork.c,180,2,c_builtin,W0114,UNC,X99,This control expression is not explicit logical operation.
W,p11_atfork.c,182,2,c_builtin,W0114,UNC,X99,This control expression is not explicit logical operation.
W,p11_atfork.c,197,2,c_builtin,W0114,UNC,X99,This control expression is not explicit logical operation.
W,p11_atfork.c,199,2,c_builtin,W0114,UNC,X99,This control expression is not explicit logical operation.
W,p11_atfork.c,224,2,c_builtin,W0114,UNC,X99,This control expression is not explicit logical operation.
W,p11_atfork.c,226,2,c_builtin,W0114,UNC,X99,This control expression is not explicit logical operation.
W,pkcs11.h,803,1,c_builtin,W0425,UNC,X99,There are several definitions or statements in a line.
W,pkcs11.h,804,1,c_builtin,W0425,UNC,X99,There are several definitions or statements in a line.
W,pkcs11.h,805,1,c_builtin,W0425,UNC,X99,There are several definitions or statements in a line.
W,pkcs11.h,806,1,c_builtin,W0425,UNC,X99,There are several definitions or statements in a line.
W,pkcs11.h,809,1,c_builtin,W0425,UNC,X99,There are several definitions or statements in a line.
W,pkcs11.h,812,1,c_builtin,W0425,UNC,X99,There are several definitions or statements in a line.
W,pkcs11.h,814,1,c_builtin,W0425,UNC,X99,There are several definitions or statements in a line.
W,pkcs11.h,816,1,c_builtin,W0425,UNC,X99,There are several definitions or statements in a line.
W,pkcs11.h,818,1,c_builtin,W0425,UNC,X99,There are several definitions or statements in a line.
W,pkcs11.h,822,1,c_builtin,W0425,UNC,X99,There are several definitions or statements in a line.
W,pkcs11.h,825,1,c_builtin,W0425,UNC,X99,There are several definitions or statements in a line.
W,pkcs11.h,828,1,c_builtin,W0425,UNC,X99,There are several definitions or statements in a line.
W,pkcs11.h,831,1,c_builtin,W0425,UNC,X99,There are several definitions or statements in a line.
W,pkcs11.h,836,1,c_builtin,W0425,UNC,X99,There are several definitions or statements in a line.
W,pkcs11.h,840,1,c_builtin,W0425,UNC,X99,There are several definitions or statements in a line.
W,pkcs11.h,841,1,c_builtin,W0425,UNC,X99,There are several definitions or statements in a line.
W,pkcs11.h,842,1,c_builtin,W0425,UNC,X99,There are several definitions or statements in a line.
W,pkcs11.h,845,1,c_builtin,W0425,UNC,X99,There are several definitions or statements in a line.
W,pkcs11.h,849,1,c_builtin,W0425,UNC,X99,There are several definitions or statements in a line.
W,pkcs11.h,855,1,c_builtin,W0425,UNC,X99,There are several definitions or statements in a line.
W,pkcs11.h,858,1,c_builtin,W0425,UNC,X99,There are several definitions or statements in a line.
W,pkcs11.h,860,1,c_builtin,W0425,UNC,X99,There are several definitions or statements in a line.
W,pkcs11.h,864,1,c_builtin,W0425,UNC,X99,There are several definitions or statements in a line.
W,pkcs11.h,868,1,c_builtin,W0425,UNC,X99,There are several definitions or statements in a line.
W,pkcs11.h,871,1,c_builtin,W0425,UNC,X99,There are several definitions or statements in a line.
W,pkcs11.h,875,1,c_builtin,W0425,UNC,X99,There are several definitions or statements in a line.
W,pkcs11.h,880,1,c_builtin,W0425,UNC,X99,There are several definitions or statements in a line.
W,pkcs11.h,885,1,c_builtin,W0425,UNC,X99,There are several definitions or statements in a line.
W,pkcs11.h,889,1,c_builtin,W0425,UNC,X99,There are several definitions or statements in a line.
W,pkcs11.h,894,1,c_builtin,W0425,UNC,X99,There are several definitions or statements in a line.
W,pkcs11.h,897,1,c_builtin,W0425,UNC,X99,There are several definitions or statements in a line.
W,pkcs11.h,901,1,c_builtin,W0425,UNC,X99,There are several definitions or statements in a line.
W,pkcs11.h,906,1,c_builtin,W0425,UNC,X99,There are several definitions or statements in a line.
W,pkcs11.h,911,1,c_builtin,W0425,UNC,X99,There are several definitions or statements in a line.
W,pkcs11.h,916,1,c_builtin,W0425,UNC,X99,There are several definitions or statements in a line.
W,pkcs11.h,920,1,c_builtin,W0425,UNC,X99,There are several definitions or statements in a line.
W,pkcs11.h,925,1,c_builtin,W0425,UNC,X99,There are several definitions or statements in a line.
W,pkcs11.h,930,1,c_builtin,W0425,UNC,X99,There are several definitions or statements in a line.
W,pkcs11.h,935,1,c_builtin,W0425,UNC,X99,There are several definitions or statements in a line.
W,pkcs11.h,938,1,c_builtin,W0425,UNC,X99,There are several definitions or statements in a line.
W,pkcs11.h,943,1,c_builtin,W0425,UNC,X99,There are several definitions or statements in a line.
W,pkcs11.h,946,1,c_builtin,W0425,UNC,X99,There are several definitions or statements in a line.
W,pkcs11.h,948,1,c_builtin,W0425,UNC,X99,There are several definitions or statements in a line.
W,pkcs11.h,953,1,c_builtin,W0425,UNC,X99,There are several definitions or statements in a line.
W,pkcs11.h,957,1,c_builtin,W0425,UNC,X99,There are several definitions or statements in a line.
W,pkcs11.h,962,1,c_builtin,W0425,UNC,X99,There are several definitions or statements in a line.
W,pkcs11.h,965,1,c_builtin,W0425,UNC,X99,There are several definitions or statements in a line.
W,pkcs11.h,969,1,c_builtin,W0425,UNC,X99,There are several definitions or statements in a line.
W,pkcs11.h,973,1,c_builtin,W0425,UNC,X99,There are several definitions or statements in a line.
W,pkcs11.h,979,1,c_builtin,W0425,UNC,X99,There are several definitions or statements in a line.
W,pkcs11.h,983,1,c_builtin,W0425,UNC,X99,There are several definitions or statements in a line.
W,pkcs11.h,988,1,c_builtin,W0425,UNC,X99,There are several definitions or statements in a line.
W,pkcs11.h,991,1,c_builtin,W0425,UNC,X99,There are several definitions or statements in a line.
W,pkcs11.h,995,1,c_builtin,W0425,UNC,X99,There are several definitions or statements in a line.
W,pkcs11.h,999,1,c_builtin,W0425,UNC,X99,There are several definitions or statements in a line.
W,pkcs11.h,1006,1,c_builtin,W0425,UNC,X99,There are several definitions or statements in a line.
W,pkcs11.h,1011,1,c_builtin,W0425,UNC,X99,There are several definitions or statements in a line.
W,pkcs11.h,1017,1,c_builtin,W0425,UNC,X99,There are several definitions or statements in a line.
W,pkcs11.h,1022,1,c_builtin,W0425,UNC,X99,There are several definitions or statements in a line.
W,pkcs11.h,1029,1,c_builtin,W0425,UNC,X99,There are several definitions or statements in a line.
W,pkcs11.h,1035,1,c_builtin,W0425,UNC,X99,There are several definitions or statements in a line.
W,pkcs11.h,1044,1,c_builtin,W0425,UNC,X99,There are several definitions or statements in a line.
W,pkcs11.h,1051,1,c_builtin,W0425,UNC,X99,There are several definitions or statements in a line.
W,pkcs11.h,1060,1,c_builtin,W0425,UNC,X99,There are several definitions or statements in a line.
W,pkcs11.h,1068,1,c_builtin,W0425,UNC,X99,There are several definitions or statements in a line.
W,pkcs11.h,1071,1,c_builtin,W0425,UNC,X99,There are several definitions or statements in a line.
W,pkcs11.h,1076,1,c_builtin,W0425,UNC,X99,There are several definitions or statements in a line.
W,pkcs11.h,1077,1,c_builtin,W0425,UNC,X99,There are several definitions or statements in a line.
W,libp11-int.h,58,29,c_builtin,W0425,UNC,X99,There are several definitions or statements in a line.
W,libp11-int.h,78,19,c_builtin,W0425,UNC,X99,There are several definitions or statements in a line.
W,p11_atfork.c,48,2,c_builtin,W0432,UNC,X99,Indentation of this line does not comply with the project's indent style.
W,p11_atfork.c,53,2,c_builtin,W0432,UNC,X99,Indentation of this line does not comply with the project's indent style.
W,p11_atfork.c,54,3,c_builtin,W0432,UNC,X99,Indentation of this line does not comply with the project's indent style.
W,p11_atfork.c,55,2,c_builtin,W0432,UNC,X99,Indentation of this line does not comply with the project's indent style.
W,p11_atfork.c,60,2,c_builtin,W0432,UNC,X99,Indentation of this line does not comply with the project's indent style.
W,p11_atfork.c,69,2,c_builtin,W0432,UNC,X99,Indentation of this line does not comply with the project's indent style.
W,p11_atfork.c,70,3,c_builtin,W0432,UNC,X99,Indentation of this line does not comply with the project's indent style.
W,p11_atfork.c,71,2,c_builtin,W0432,UNC,X99,Indentation of this line does not comply with the project's indent style.
W,p11_atfork.c,99,2,c_builtin,W0432,UNC,X99,Indentation of this line does not comply with the project's indent style.
W,p11_atfork.c,109,2,c_builtin,W0432,UNC,X99,Indentation of this line does not comply with the project's indent style.
W,p11_atfork.c,111,2,c_builtin,W0432,UNC,X99,Indentation of this line does not comply with the project's indent style.
W,p11_atfork.c,112,3,c_builtin,W0432,UNC,X99,Indentation of this line does not comply with the project's indent style.
W,p11_atfork.c,113,4,c_builtin,W0432,UNC,X99,Indentation of this line does not comply with the project's indent style.
W,p11_atfork.c,114,3,c_builtin,W0432,UNC,X99,Indentation of this line does not comply with the project's indent style.
W,p11_atfork.c,115,2,c_builtin,W0432,UNC,X99,Indentation of this line does not comply with the project's indent style.
W,p11_atfork.c,116,2,c_builtin,W0432,UNC,X99,Indentation of this line does not comply with the project's indent style.
W,p11_atfork.c,125,2,c_builtin,W0432,UNC,X99,Indentation of this line does not comply with the project's indent style.
W,p11_atfork.c,126,2,c_builtin,W0432,UNC,X99,Indentation of this line does not comply with the project's indent style.
W,p11_atfork.c,127,2,c_builtin,W0432,UNC,X99,Indentation of this line does not comply with the project's indent style.
W,p11_atfork.c,129,2,c_builtin,W0432,UNC,X99,Indentation of this line does not comply with the project's indent style.
W,p11_atfork.c,130,3,c_builtin,W0432,UNC,X99,Indentation of this line does not comply with the project's indent style.
W,p11_atfork.c,131,2,c_builtin,W0432,UNC,X99,Indentation of this line does not comply with the project's indent style.
W,p11_atfork.c,132,3,c_builtin,W0432,UNC,X99,Indentation of this line does not comply with the project's indent style.
W,p11_atfork.c,133,4,c_builtin,W0432,UNC,X99,Indentation of this line does not comply with the project's indent style.
W,p11_atfork.c,134,4,c_builtin,W0432,UNC,X99,Indentation of this line does not comply with the project's indent style.
W,p11_atfork.c,135,4,c_builtin,W0432,UNC,X99,Indentation of this line does not comply with the project's indent style.
W,p11_atfork.c,136,4,c_builtin,W0432,UNC,X99,Indentation of this line does not comply with the project's indent style.
W,p11_atfork.c,137,5,c_builtin,W0432,UNC,X99,Indentation of this line does not comply with the project's indent style.
W,p11_atfork.c,138,4,c_builtin,W0432,UNC,X99,Indentation of this line does not comply with the project's indent style.
W,p11_atfork.c,139,3,c_builtin,W0432,UNC,X99,Indentation of this line does not comply with the project's indent style.
W,p11_atfork.c,140,3,c_builtin,W0432,UNC,X99,Indentation of this line does not comply with the project's indent style.
W,p11_atfork.c,141,4,c_builtin,W0432,UNC,X99,Indentation of this line does not comply with the project's indent style.
W,p11_atfork.c,142,4,c_builtin,W0432,UNC,X99,Indentation of this line does not comply with the project's indent style.
W,p11_atfork.c,143,5,c_builtin,W0432,UNC,X99,Indentation of this line does not comply with the project's indent style.
W,p11_atfork.c,144,3,c_builtin,W0432,UNC,X99,Indentation of this line does not comply with the project's indent style.
W,p11_atfork.c,145,3,c_builtin,W0432,UNC,X99,Indentation of this line does not comply with the project's indent style.
W,p11_atfork.c,146,2,c_builtin,W0432,UNC,X99,Indentation of this line does not comply with the project's indent style.
W,p11_atfork.c,147,2,c_builtin,W0432,UNC,X99,Indentation of this line does not comply with the project's indent style.
W,p11_atfork.c,156,2,c_builtin,W0432,UNC,X99,Indentation of this line does not comply with the project's indent style.
W,p11_atfork.c,157,2,c_builtin,W0432,UNC,X99,Indentation of this line does not comply with the project's indent style.
W,p11_atfork.c,158,2,c_builtin,W0432,UNC,X99,Indentation of this line does not comply with the project's indent style.
W,p11_atfork.c,160,2,c_builtin,W0432,UNC,X99,Indentation of this line does not comply with the project's indent style.
W,p11_atfork.c,161,3,c_builtin,W0432,UNC,X99,Indentation of this line does not comply with the project's indent style.
W,p11_atfork.c,162,2,c_builtin,W0432,UNC,X99,Indentation of this line does not comply with the project's indent style.
W,p11_atfork.c,163,3,c_builtin,W0432,UNC,X99,Indentation of this line does not comply with the project's indent style.
W,p11_atfork.c,164,3,c_builtin,W0432,UNC,X99,Indentation of this line does not comply with the project's indent style.
W,p11_atfork.c,165,2,c_builtin,W0432,UNC,X99,Indentation of this line does not comply with the project's indent style.
W,p11_atfork.c,166,2,c_builtin,W0432,UNC,X99,Indentation of this line does not comply with the project's indent style.
W,p11_atfork.c,174,2,c_builtin,W0432,UNC,X99,Indentation of this line does not comply with the project's indent style.
W,p11_atfork.c,175,2,c_builtin,W0432,UNC,X99,Indentation of this line does not comply with the project's indent style.
W,p11_atfork.c,177,2,c_builtin,W0432,UNC,X99,Indentation of this line does not comply with the project's indent style.
W,p11_atfork.c,178,3,c_builtin,W0432,UNC,X99,Indentation of this line does not comply with the project's indent style.
W,p11_atfork.c,179,2,c_builtin,W0432,UNC,X99,Indentation of this line does not comply with the project's indent style.
W,p11_atfork.c,180,2,c_builtin,W0432,UNC,X99,Indentation of this line does not comply with the project's indent style.
W,p11_atfork.c,181,2,c_builtin,W0432,UNC,X99,Indentation of this line does not comply with the project's indent style.
W,p11_atfork.c,182,2,c_builtin,W0432,UNC,X99,Indentation of this line does not comply with the project's indent style.
W,p11_atfork.c,183,2,c_builtin,W0432,UNC,X99,Indentation of this line does not comply with the project's indent style.
W,p11_atfork.c,191,2,c_builtin,W0432,UNC,X99,Indentation of this line does not comply with the project's indent style.
W,p11_atfork.c,192,2,c_builtin,W0432,UNC,X99,Indentation of this line does not comply with the project's indent style.
W,p11_atfork.c,194,2,c_builtin,W0432,UNC,X99,Indentation of this line does not comply with the project's indent style.
W,p11_atfork.c,195,3,c_builtin,W0432,UNC,X99,Indentation of this line does not comply with the project's indent style.
W,p11_atfork.c,196,2,c_builtin,W0432,UNC,X99,Indentation of this line does not comply with the project's indent style.
W,p11_atfork.c,197,2,c_builtin,W0432,UNC,X99,Indentation of this line does not comply with the project's indent style.
W,p11_atfork.c,198,2,c_builtin,W0432,UNC,X99,Indentation of this line does not comply with the project's indent style.
W,p11_atfork.c,199,2,c_builtin,W0432,UNC,X99,Indentation of this line does not comply with the project's indent style.
W,p11_atfork.c,200,2,c_builtin,W0432,UNC,X99,Indentation of this line does not comply with the project's indent style.
W,p11_atfork.c,208,2,c_builtin,W0432,UNC,X99,Indentation of this line does not comply with the project's indent style.
W,p11_atfork.c,209,3,c_builtin,W0432,UNC,X99,Indentation of this line does not comply with the project's indent style.
W,p11_atfork.c,210,2,c_builtin,W0432,UNC,X99,Indentation of this line does not comply with the project's indent style.
W,p11_atfork.c,218,2,c_builtin,W0432,UNC,X99,Indentation of this line does not comply with the project's indent style.
W,p11_atfork.c,219,2,c_builtin,W0432,UNC,X99,Indentation of this line does not comply with the project's indent style.
W,p11_atfork.c,221,2,c_builtin,W0432,UNC,X99,Indentation of this line does not comply with the project's indent style.
W,p11_atfork.c,222,3,c_builtin,W0432,UNC,X99,Indentation of this line does not comply with the project's indent style.
W,p11_atfork.c,223,2,c_builtin,W0432,UNC,X99,Indentation of this line does not comply with the project's indent style.
W,p11_atfork.c,224,2,c_builtin,W0432,UNC,X99,Indentation of this line does not comply with the project's indent style.
W,p11_atfork.c,225,2,c_builtin,W0432,UNC,X99,Indentation of this line does not comply with the project's indent style.
W,p11_atfork.c,226,2,c_builtin,W0432,UNC,X99,Indentation of this line does not comply with the project's indent style.
W,p11_atfork.c,227,2,c_builtin,W0432,UNC,X99,Indentation of this line does not comply with the project's indent style.
W,p11_atfork.c,235,2,c_builtin,W0432,UNC,X99,Indentation of this line does not comply with the project's indent style.
W,p11_atfork.c,236,3,c_builtin,W0432,UNC,X99,Indentation of this line does not comply with the project's indent style.
W,p11_atfork.c,237,2,c_builtin,W0432,UNC,X99,Indentation of this line does not comply with the project's indent style.
