W,p11_front.c,1,1,c_builtin,W0576,UNC,X99,The character except for basic source character is used in the comment of source file `p11_front.c'.
W,config.h,64,1,c_builtin,W0576,UNC,X99,The character except for basic source character is used in the comment of source file `config.h'.
W,p11_err.h,26,1,c_builtin,W0442,UNC,X99,A function-like macro is defined.
W,libp11.h,42,1,c_builtin,W0442,UNC,X99,A function-like macro is defined.
W,libp11.h,415,1,c_builtin,W0442,UNC,X99,A function-like macro is defined.
W,pkcs11.h,799,1,c_builtin,W0442,UNC,X99,A function-like macro is defined.
W,pkcs11.h,801,17,c_builtin,W0549,UNC,X99,A formal argument of macro doesn't enclosed by `()'.
W,pkcs11.h,800,32,c_builtin,W0549,UNC,X99,A formal argument of macro doesn't enclosed by `()'.
W,pkcs11.h,801,22,c_builtin,W0549,UNC,X99,A formal argument of macro doesn't enclosed by `()'.
W,pkcs11.h,1267,1,c_builtin,W0442,UNC,X99,A function-like macro is defined.
W,pkcs11.h,1267,42,c_builtin,W0549,UNC,X99,A formal argument of macro doesn't enclosed by `()'.
W,pkcs11.h,1267,57,c_builtin,W0549,UNC,X99,A formal argument of macro doesn't enclosed by `()'.
W,libp11-int.h,54,1,c_builtin,W0442,UNC,X99,A function-like macro is defined.
W,libp11-int.h,68,1,c_builtin,W0442,UNC,X99,A function-like macro is defined.
W,libp11-int.h,69,1,c_builtin,W0442,UNC,X99,A function-like macro is defined.
W,libp11-int.h,82,1,c_builtin,W0442,UNC,X99,A function-like macro is defined.
W,libp11-int.h,83,1,c_builtin,W0442,UNC,X99,A function-like macro is defined.
W,libp11-int.h,84,1,c_builtin,W0442,UNC,X99,A function-like macro is defined.
W,libp11-int.h,101,1,c_builtin,W0442,UNC,X99,A function-like macro is defined.
W,libp11-int.h,102,1,c_builtin,W0442,UNC,X99,A function-like macro is defined.
W,libp11-int.h,103,1,c_builtin,W0442,UNC,X99,A function-like macro is defined.
W,libp11-int.h,104,1,c_builtin,W0442,UNC,X99,A function-like macro is defined.
W,libp11-int.h,112,1,c_builtin,W0442,UNC,X99,A function-like macro is defined.
W,libp11-int.h,113,1,c_builtin,W0442,UNC,X99,A function-like macro is defined.
W,libp11-int.h,114,1,c_builtin,W0442,UNC,X99,A function-like macro is defined.
W,libp11-int.h,115,1,c_builtin,W0442,UNC,X99,A function-like macro is defined.
W,libp11-int.h,123,1,c_builtin,W0442,UNC,X99,A function-like macro is defined.
W,libp11-int.h,126,11,c_builtin,W0549,UNC,X99,A formal argument of macro doesn't enclosed by `()'.
W,libp11-int.h,126,14,c_builtin,W0549,UNC,X99,A formal argument of macro doesn't enclosed by `()'.
W,libp11-int.h,131,1,c_builtin,W0442,UNC,X99,A function-like macro is defined.
W,libp11-int.h,132,24,c_builtin,W0549,UNC,X99,A formal argument of macro doesn't enclosed by `()'.
W,libp11-int.h,136,1,c_builtin,W0442,UNC,X99,A function-like macro is defined.
W,libp11-int.h,137,25,c_builtin,W0549,UNC,X99,A formal argument of macro doesn't enclosed by `()'.
W,libp11-int.h,144,1,c_builtin,W0442,UNC,X99,A function-like macro is defined.
W,libp11-int.h,145,48,c_builtin,W0549,UNC,X99,A formal argument of macro doesn't enclosed by `()'.
W,libp11-int.h,146,1,c_builtin,W0442,UNC,X99,A function-like macro is defined.
W,libp11-int.h,147,50,c_builtin,W0549,UNC,X99,A formal argument of macro doesn't enclosed by `()'.
W,libp11-int.h,148,1,c_builtin,W0442,UNC,X99,A function-like macro is defined.
W,libp11-int.h,149,47,c_builtin,W0549,UNC,X99,A formal argument of macro doesn't enclosed by `()'.
W,libp11-int.h,150,1,c_builtin,W0442,UNC,X99,A function-like macro is defined.
W,libp11-int.h,151,49,c_builtin,W0549,UNC,X99,A formal argument of macro doesn't enclosed by `()'.
W,libp11-int.h,156,1,c_builtin,W0442,UNC,X99,A function-like macro is defined.
W,libp11-int.h,190,1,c_builtin,W0442,UNC,X99,A function-like macro is defined.
W,libp11-int.h,193,1,c_builtin,W0442,UNC,X99,A function-like macro is defined.
W,libp11-int.h,196,1,c_builtin,W0442,UNC,X99,A function-like macro is defined.
W,libp11-int.h,203,1,c_builtin,W0442,UNC,X99,A function-like macro is defined.
W,pkcs11.h,766,3,c_builtin,W0491,UNC,X99,The same identifier name `CK_ECDH1_DERIVE_PARAMS' is also used in the declaration of other namespace.
C,pkcs11.h,760,16,c_builtin,C0001,INF,X99,A warning is detected as a pair of this identifier `CK_ECDH1_DERIVE_PARAMS'.
W,pkcs11.h,776,3,c_builtin,W0491,UNC,X99,The same identifier name `CK_RSA_PKCS_OAEP_PARAMS' is also used in the declaration of other namespace.
C,pkcs11.h,770,16,c_builtin,C0001,INF,X99,A warning is detected as a pair of this identifier `CK_RSA_PKCS_OAEP_PARAMS'.
W,pkcs11.h,782,3,c_builtin,W0491,UNC,X99,The same identifier name `CK_RSA_PKCS_PSS_PARAMS' is also used in the declaration of other namespace.
C,pkcs11.h,778,16,c_builtin,C0001,INF,X99,A warning is detected as a pair of this identifier `CK_RSA_PKCS_PSS_PARAMS'.
W,p11_front.c,35,56,c_builtin,W0492,UNC,X99,"The same identifier name `init_args' is also used in the member of structure/union, label, tag or normal identifier."
C,libp11-int.h,46,8,c_builtin,C0001,INF,X99,A warning is detected as a pair of this identifier `init_args'.
W,p11_front.c,35,39,c_builtin,W0104,UNC,X99,The value of formal argument `ctx' is not change. It can be declarable with 'const'.
W,p11_front.c,35,56,c_builtin,W0104,UNC,X99,The value of formal argument `init_args' is not change. It can be declarable with 'const'.
W,p11_front.c,35,39,c_builtin,W0105,UNC,X99,The object which points the formal argument `ctx' is not change. It can be declaring as pointer type which points const object.
W,p11_front.c,35,6,c_builtin,W1071,UNC,X99,Function `PKCS11_CTX_init_args' has multiple termination points.
W,p11_front.c,42,33,c_builtin,W0104,UNC,X99,The value of formal argument `ctx' is not change. It can be declarable with 'const'.
W,p11_front.c,42,50,c_builtin,W0104,UNC,X99,The value of formal argument `ident' is not change. It can be declarable with 'const'.
W,p11_front.c,42,33,c_builtin,W0105,UNC,X99,The object which points the formal argument `ctx' is not change. It can be declaring as pointer type which points const object.
W,p11_front.c,42,5,c_builtin,W1071,UNC,X99,Function `PKCS11_CTX_load' has multiple termination points.
W,p11_front.c,49,36,c_builtin,W0104,UNC,X99,The value of formal argument `ctx' is not change. It can be declarable with 'const'.
W,p11_front.c,49,36,c_builtin,W0105,UNC,X99,The object which points the formal argument `ctx' is not change. It can be declaring as pointer type which points const object.
W,p11_front.c,49,6,c_builtin,W1071,UNC,X99,Function `PKCS11_CTX_unload' has multiple termination points.
W,p11_front.c,56,34,c_builtin,W0104,UNC,X99,The value of formal argument `ctx' is not change. It can be declarable with 'const'.
W,p11_front.c,56,34,c_builtin,W0105,UNC,X99,The object which points the formal argument `ctx' is not change. It can be declaring as pointer type which points const object.
W,p11_front.c,56,6,c_builtin,W1071,UNC,X99,Function `PKCS11_CTX_free' has multiple termination points.
W,p11_front.c,63,38,c_builtin,W0104,UNC,X99,The value of formal argument `slot' is not change. It can be declarable with 'const'.
W,p11_front.c,63,48,c_builtin,W0104,UNC,X99,The value of formal argument `rw' is not change. It can be declarable with 'const'.
W,p11_front.c,63,38,c_builtin,W0105,UNC,X99,The object which points the formal argument `slot' is not change. It can be declaring as pointer type which points const object.
W,p11_front.c,63,5,c_builtin,W1071,UNC,X99,Function `PKCS11_open_session' has multiple termination points.
W,p11_front.c,70,40,c_builtin,W0104,UNC,X99,The value of formal argument `ctx' is not change. It can be declarable with 'const'.
W,p11_front.c,71,17,c_builtin,W0104,UNC,X99,The value of formal argument `slotsp' is not change. It can be declarable with 'const'.
W,p11_front.c,71,39,c_builtin,W0104,UNC,X99,The value of formal argument `nslotsp' is not change. It can be declarable with 'const'.
W,p11_front.c,70,40,c_builtin,W0105,UNC,X99,The object which points the formal argument `ctx' is not change. It can be declaring as pointer type which points const object.
W,p11_front.c,71,17,c_builtin,W0105,UNC,X99,The object which points the formal argument `slotsp' is not change. It can be declaring as pointer type which points const object.
W,p11_front.c,71,39,c_builtin,W0105,UNC,X99,The object which points the formal argument `nslotsp' is not change. It can be declaring as pointer type which points const object.
W,p11_front.c,70,5,c_builtin,W1071,UNC,X99,Function `PKCS11_enumerate_slots' has multiple termination points.
W,p11_front.c,81,10,c_builtin,W0172,UNC,X99,An implicit type conversion from signed long to unsigned long.
W,p11_front.c,81,3,c_builtin,W0308,UNC,X99,A value of signed long type is returned from `unsigned long PKCS11_get_slotid_from_slot()' function.
W,p11_front.c,78,56,c_builtin,W0104,UNC,X99,The value of formal argument `slot' is not change. It can be declarable with 'const'.
W,p11_front.c,78,56,c_builtin,W0105,UNC,X99,The object which points the formal argument `slot' is not change. It can be declaring as pointer type which points const object.
W,p11_front.c,78,15,c_builtin,W1071,UNC,X99,Function `PKCS11_get_slotid_from_slot' has multiple termination points.
W,p11_front.c,85,43,c_builtin,W0104,UNC,X99,The value of formal argument `ctx' is not change. It can be declarable with 'const'.
W,p11_front.c,86,16,c_builtin,W0104,UNC,X99,The value of formal argument `slots' is not change. It can be declarable with 'const'.
W,p11_front.c,86,36,c_builtin,W0104,UNC,X99,The value of formal argument `nslots' is not change. It can be declarable with 'const'.
W,p11_front.c,85,43,c_builtin,W0105,UNC,X99,The object which points the formal argument `ctx' is not change. It can be declaring as pointer type which points const object.
W,p11_front.c,86,16,c_builtin,W0105,UNC,X99,The object which points the formal argument `slots' is not change. It can be declaring as pointer type which points const object.
W,p11_front.c,85,6,c_builtin,W1071,UNC,X99,Function `PKCS11_release_all_slots' has multiple termination points.
W,p11_front.c,93,44,c_builtin,W0104,UNC,X99,The value of formal argument `ctx' is not change. It can be declarable with 'const'.
W,p11_front.c,94,16,c_builtin,W0104,UNC,X99,The value of formal argument `slots' is not change. It can be declarable with 'const'.
W,p11_front.c,94,36,c_builtin,W0104,UNC,X99,The value of formal argument `nslots' is not change. It can be declarable with 'const'.
W,p11_front.c,93,44,c_builtin,W0105,UNC,X99,The object which points the formal argument `ctx' is not change. It can be declaring as pointer type which points const object.
W,p11_front.c,94,16,c_builtin,W0105,UNC,X99,The object which points the formal argument `slots' is not change. It can be declaring as pointer type which points const object.
W,p11_front.c,93,14,c_builtin,W1071,UNC,X99,Function `PKCS11_find_token' has multiple termination points.
W,p11_front.c,101,49,c_builtin,W0104,UNC,X99,The value of formal argument `ctx' is not change. It can be declarable with 'const'.
W,p11_front.c,102,16,c_builtin,W0104,UNC,X99,The value of formal argument `slots' is not change. It can be declarable with 'const'.
W,p11_front.c,102,36,c_builtin,W0104,UNC,X99,The value of formal argument `nslots' is not change. It can be declarable with 'const'.
W,p11_front.c,103,16,c_builtin,W0104,UNC,X99,The value of formal argument `current' is not change. It can be declarable with 'const'.
W,p11_front.c,101,49,c_builtin,W0105,UNC,X99,The object which points the formal argument `ctx' is not change. It can be declaring as pointer type which points const object.
W,p11_front.c,102,16,c_builtin,W0105,UNC,X99,The object which points the formal argument `slots' is not change. It can be declaring as pointer type which points const object.
W,p11_front.c,103,16,c_builtin,W0105,UNC,X99,The object which points the formal argument `current' is not change. It can be declaring as pointer type which points const object.
W,p11_front.c,101,14,c_builtin,W1071,UNC,X99,Function `PKCS11_find_next_token' has multiple termination points.
W,p11_front.c,110,38,c_builtin,W0104,UNC,X99,The value of formal argument `slot' is not change. It can be declarable with 'const'.
W,p11_front.c,110,48,c_builtin,W0104,UNC,X99,The value of formal argument `so' is not change. It can be declarable with 'const'.
W,p11_front.c,110,57,c_builtin,W0104,UNC,X99,The value of formal argument `res' is not change. It can be declarable with 'const'.
W,p11_front.c,110,38,c_builtin,W0105,UNC,X99,The object which points the formal argument `slot' is not change. It can be declaring as pointer type which points const object.
W,p11_front.c,110,57,c_builtin,W0105,UNC,X99,The object which points the formal argument `res' is not change. It can be declaring as pointer type which points const object.
W,p11_front.c,110,5,c_builtin,W1071,UNC,X99,Function `PKCS11_is_logged_in' has multiple termination points.
W,p11_front.c,117,31,c_builtin,W0104,UNC,X99,The value of formal argument `slot' is not change. It can be declarable with 'const'.
W,p11_front.c,117,41,c_builtin,W0104,UNC,X99,The value of formal argument `so' is not change. It can be declarable with 'const'.
W,p11_front.c,117,57,c_builtin,W0104,UNC,X99,The value of formal argument `pin' is not change. It can be declarable with 'const'.
W,p11_front.c,117,31,c_builtin,W0105,UNC,X99,The object which points the formal argument `slot' is not change. It can be declaring as pointer type which points const object.
W,p11_front.c,117,5,c_builtin,W1071,UNC,X99,Function `PKCS11_login' has multiple termination points.
W,p11_front.c,124,32,c_builtin,W0104,UNC,X99,The value of formal argument `slot' is not change. It can be declarable with 'const'.
W,p11_front.c,124,32,c_builtin,W0105,UNC,X99,The object which points the formal argument `slot' is not change. It can be declaring as pointer type which points const object.
W,p11_front.c,124,5,c_builtin,W1071,UNC,X99,Function `PKCS11_logout' has multiple termination points.
W,p11_front.c,131,41,c_builtin,W0492,UNC,X99,"The same identifier name `token' is also used in the member of structure/union, label, tag or normal identifier."
C,libp11.h,104,16,c_builtin,C0001,INF,X99,A warning is detected as a pair of this identifier `token'.
W,p11_front.c,132,16,c_builtin,W0492,UNC,X99,"The same identifier name `keys' is also used in the member of structure/union, label, tag or normal identifier."
C,libp11-int.h,73,14,c_builtin,C0001,INF,X99,A warning is detected as a pair of this identifier `keys'.
W,p11_front.c,136,38,c_builtin,W0758,UNC,X99,An implicit type conversion from unsigned long to unsigned int.
W,p11_front.c,131,41,c_builtin,W0104,UNC,X99,The value of formal argument `token' is not change. It can be declarable with 'const'.
W,p11_front.c,132,16,c_builtin,W0104,UNC,X99,The value of formal argument `keys' is not change. It can be declarable with 'const'.
W,p11_front.c,132,36,c_builtin,W0104,UNC,X99,The value of formal argument `nkeys' is not change. It can be declarable with 'const'.
W,p11_front.c,131,41,c_builtin,W0105,UNC,X99,The object which points the formal argument `token' is not change. It can be declaring as pointer type which points const object.
W,p11_front.c,132,16,c_builtin,W0105,UNC,X99,The object which points the formal argument `keys' is not change. It can be declaring as pointer type which points const object.
W,p11_front.c,132,36,c_builtin,W0105,UNC,X99,The object which points the formal argument `nkeys' is not change. It can be declaring as pointer type which points const object.
W,p11_front.c,131,5,c_builtin,W1071,UNC,X99,Function `PKCS11_enumerate_keys' has multiple termination points.
W,p11_front.c,139,35,c_builtin,W0104,UNC,X99,The value of formal argument `key' is not change. It can be declarable with 'const'.
W,p11_front.c,139,35,c_builtin,W0105,UNC,X99,The object which points the formal argument `key' is not change. It can be declaring as pointer type which points const object.
W,p11_front.c,139,5,c_builtin,W1071,UNC,X99,Function `PKCS11_remove_key' has multiple termination points.
W,p11_front.c,146,48,c_builtin,W0492,UNC,X99,"The same identifier name `token' is also used in the member of structure/union, label, tag or normal identifier."
C,libp11.h,104,16,c_builtin,C0001,INF,X99,A warning is detected as a pair of this identifier `token'.
W,p11_front.c,147,16,c_builtin,W0492,UNC,X99,"The same identifier name `keys' is also used in the member of structure/union, label, tag or normal identifier."
C,libp11-int.h,73,14,c_builtin,C0001,INF,X99,A warning is detected as a pair of this identifier `keys'.
W,p11_front.c,151,38,c_builtin,W0758,UNC,X99,An implicit type conversion from unsigned long to unsigned int.
W,p11_front.c,146,48,c_builtin,W0104,UNC,X99,The value of formal argument `token' is not change. It can be declarable with 'const'.
W,p11_front.c,147,16,c_builtin,W0104,UNC,X99,The value of formal argument `keys' is not change. It can be declarable with 'const'.
W,p11_front.c,147,36,c_builtin,W0104,UNC,X99,The value of formal argument `nkeys' is not change. It can be declarable with 'const'.
W,p11_front.c,146,48,c_builtin,W0105,UNC,X99,The object which points the formal argument `token' is not change. It can be declaring as pointer type which points const object.
W,p11_front.c,147,16,c_builtin,W0105,UNC,X99,The object which points the formal argument `keys' is not change. It can be declaring as pointer type which points const object.
W,p11_front.c,147,36,c_builtin,W0105,UNC,X99,The object which points the formal argument `nkeys' is not change. It can be declaring as pointer type which points const object.
W,p11_front.c,146,5,c_builtin,W1071,UNC,X99,Function `PKCS11_enumerate_public_keys' has multiple termination points.
W,p11_front.c,154,37,c_builtin,W0104,UNC,X99,The value of formal argument `key' is not change. It can be declarable with 'const'.
W,p11_front.c,154,37,c_builtin,W0105,UNC,X99,The object which points the formal argument `key' is not change. It can be declaring as pointer type which points const object.
W,p11_front.c,154,5,c_builtin,W1071,UNC,X99,Function `PKCS11_get_key_type' has multiple termination points.
W,p11_front.c,161,46,c_builtin,W0104,UNC,X99,The value of formal argument `key' is not change. It can be declarable with 'const'.
W,p11_front.c,161,46,c_builtin,W0105,UNC,X99,The object which points the formal argument `key' is not change. It can be declaring as pointer type which points const object.
W,p11_front.c,161,11,c_builtin,W1071,UNC,X99,Function `PKCS11_get_private_key' has multiple termination points.
W,p11_front.c,168,45,c_builtin,W0104,UNC,X99,The value of formal argument `key' is not change. It can be declarable with 'const'.
W,p11_front.c,168,45,c_builtin,W0105,UNC,X99,The object which points the formal argument `key' is not change. It can be declaring as pointer type which points const object.
W,p11_front.c,168,11,c_builtin,W1071,UNC,X99,Function `PKCS11_get_public_key' has multiple termination points.
W,p11_front.c,175,50,c_builtin,W0104,UNC,X99,The value of formal argument `key' is not change. It can be declarable with 'const'.
W,p11_front.c,175,50,c_builtin,W0105,UNC,X99,The object which points the formal argument `key' is not change. It can be declaring as pointer type which points const object.
W,p11_front.c,175,14,c_builtin,W1071,UNC,X99,Function `PKCS11_find_certificate' has multiple termination points.
W,p11_front.c,182,42,c_builtin,W0104,UNC,X99,The value of formal argument `cert' is not change. It can be declarable with 'const'.
W,p11_front.c,182,42,c_builtin,W0105,UNC,X99,The object which points the formal argument `cert' is not change. It can be declaring as pointer type which points const object.
W,p11_front.c,182,13,c_builtin,W1071,UNC,X99,Function `PKCS11_find_key' has multiple termination points.
W,p11_front.c,189,42,c_builtin,W0492,UNC,X99,"The same identifier name `token' is also used in the member of structure/union, label, tag or normal identifier."
C,libp11.h,104,16,c_builtin,C0001,INF,X99,A warning is detected as a pair of this identifier `token'.
W,p11_front.c,190,17,c_builtin,W0492,UNC,X99,"The same identifier name `certs' is also used in the member of structure/union, label, tag or normal identifier."
C,libp11-int.h,80,15,c_builtin,C0001,INF,X99,A warning is detected as a pair of this identifier `certs'.
W,p11_front.c,190,38,c_builtin,W0492,UNC,X99,"The same identifier name `ncerts' is also used in the member of structure/union, label, tag or normal identifier."
C,libp11-int.h,79,6,c_builtin,C0001,INF,X99,A warning is detected as a pair of this identifier `ncerts'.
W,p11_front.c,189,42,c_builtin,W0104,UNC,X99,The value of formal argument `token' is not change. It can be declarable with 'const'.
W,p11_front.c,190,17,c_builtin,W0104,UNC,X99,The value of formal argument `certs' is not change. It can be declarable with 'const'.
W,p11_front.c,190,38,c_builtin,W0104,UNC,X99,The value of formal argument `ncerts' is not change. It can be declarable with 'const'.
W,p11_front.c,189,42,c_builtin,W0105,UNC,X99,The object which points the formal argument `token' is not change. It can be declaring as pointer type which points const object.
W,p11_front.c,190,17,c_builtin,W0105,UNC,X99,The object which points the formal argument `certs' is not change. It can be declaring as pointer type which points const object.
W,p11_front.c,190,38,c_builtin,W0105,UNC,X99,The object which points the formal argument `ncerts' is not change. It can be declaring as pointer type which points const object.
W,p11_front.c,189,5,c_builtin,W1071,UNC,X99,Function `PKCS11_enumerate_certs' has multiple termination points.
W,p11_front.c,197,44,c_builtin,W0104,UNC,X99,The value of formal argument `cert' is not change. It can be declarable with 'const'.
W,p11_front.c,197,44,c_builtin,W0105,UNC,X99,The object which points the formal argument `cert' is not change. It can be declaring as pointer type which points const object.
W,p11_front.c,197,5,c_builtin,W1071,UNC,X99,Function `PKCS11_remove_certificate' has multiple termination points.
W,p11_front.c,204,37,c_builtin,W0492,UNC,X99,"The same identifier name `token' is also used in the member of structure/union, label, tag or normal identifier."
C,libp11.h,104,16,c_builtin,C0001,INF,X99,A warning is detected as a pair of this identifier `token'.
W,p11_front.c,205,15,c_builtin,W0492,UNC,X99,"The same identifier name `label' is also used in the member of structure/union, label, tag or normal identifier."
C,libp11.h,58,8,c_builtin,C0001,INF,X99,A warning is detected as a pair of this identifier `label'.
C,libp11.h,69,8,c_builtin,C0001,INF,X99,A warning is detected as a pair of this identifier `label'.
C,libp11.h,78,8,c_builtin,C0001,INF,X99,A warning is detected as a pair of this identifier `label'.
C,pkcs11.h,231,17,c_builtin,C0001,INF,X99,A warning is detected as a pair of this identifier `label'.
W,p11_front.c,204,37,c_builtin,W0104,UNC,X99,The value of formal argument `token' is not change. It can be declarable with 'const'.
W,p11_front.c,204,56,c_builtin,W0104,UNC,X99,The value of formal argument `pin' is not change. It can be declarable with 'const'.
W,p11_front.c,205,15,c_builtin,W0104,UNC,X99,The value of formal argument `label' is not change. It can be declarable with 'const'.
W,p11_front.c,204,37,c_builtin,W0105,UNC,X99,The object which points the formal argument `token' is not change. It can be declaring as pointer type which points const object.
W,p11_front.c,204,5,c_builtin,W1071,UNC,X99,Function `PKCS11_init_token' has multiple termination points.
W,p11_front.c,212,35,c_builtin,W0492,UNC,X99,"The same identifier name `token' is also used in the member of structure/union, label, tag or normal identifier."
C,libp11.h,104,16,c_builtin,C0001,INF,X99,A warning is detected as a pair of this identifier `token'.
W,p11_front.c,212,35,c_builtin,W0104,UNC,X99,The value of formal argument `token' is not change. It can be declarable with 'const'.
W,p11_front.c,212,54,c_builtin,W0104,UNC,X99,The value of formal argument `pin' is not change. It can be declarable with 'const'.
W,p11_front.c,212,35,c_builtin,W0105,UNC,X99,The object which points the formal argument `token' is not change. It can be declaring as pointer type which points const object.
W,p11_front.c,212,5,c_builtin,W1071,UNC,X99,Function `PKCS11_init_pin' has multiple termination points.
W,p11_front.c,219,36,c_builtin,W0104,UNC,X99,The value of formal argument `slot' is not change. It can be declarable with 'const'.
W,p11_front.c,220,15,c_builtin,W0104,UNC,X99,The value of formal argument `old_pin' is not change. It can be declarable with 'const'.
W,p11_front.c,220,36,c_builtin,W0104,UNC,X99,The value of formal argument `new_pin' is not change. It can be declarable with 'const'.
W,p11_front.c,219,36,c_builtin,W0105,UNC,X99,The object which points the formal argument `slot' is not change. It can be declaring as pointer type which points const object.
W,p11_front.c,219,5,c_builtin,W1071,UNC,X99,Function `PKCS11_change_pin' has multiple termination points.
W,p11_front.c,227,44,c_builtin,W0492,UNC,X99,"The same identifier name `token' is also used in the member of structure/union, label, tag or normal identifier."
C,libp11.h,104,16,c_builtin,C0001,INF,X99,A warning is detected as a pair of this identifier `token'.
W,p11_front.c,228,23,c_builtin,W0492,UNC,X99,"The same identifier name `label' is also used in the member of structure/union, label, tag or normal identifier."
C,libp11.h,58,8,c_builtin,C0001,INF,X99,A warning is detected as a pair of this identifier `label'.
C,libp11.h,69,8,c_builtin,C0001,INF,X99,A warning is detected as a pair of this identifier `label'.
C,libp11.h,78,8,c_builtin,C0001,INF,X99,A warning is detected as a pair of this identifier `label'.
C,pkcs11.h,231,17,c_builtin,C0001,INF,X99,A warning is detected as a pair of this identifier `label'.
W,p11_front.c,228,45,c_builtin,W0492,UNC,X99,"The same identifier name `id' is also used in the member of structure/union, label, tag or normal identifier."
C,libp11.h,59,17,c_builtin,C0001,INF,X99,A warning is detected as a pair of this identifier `id'.
C,libp11.h,70,17,c_builtin,C0001,INF,X99,A warning is detected as a pair of this identifier `id'.
C,libp11-int.h,59,13,c_builtin,C0001,INF,X99,A warning is detected as a pair of this identifier `id'.
C,libp11-int.h,96,16,c_builtin,C0001,INF,X99,A warning is detected as a pair of this identifier `id'.
C,libp11-int.h,109,16,c_builtin,C0001,INF,X99,A warning is detected as a pair of this identifier `id'.
W,p11_front.c,228,56,c_builtin,W0492,UNC,X99,"The same identifier name `id_len' is also used in the member of structure/union, label, tag or normal identifier."
C,libp11.h,60,9,c_builtin,C0001,INF,X99,A warning is detected as a pair of this identifier `id_len'.
C,libp11.h,71,9,c_builtin,C0001,INF,X99,A warning is detected as a pair of this identifier `id_len'.
C,libp11-int.h,97,9,c_builtin,C0001,INF,X99,A warning is detected as a pair of this identifier `id_len'.
C,libp11-int.h,110,9,c_builtin,C0001,INF,X99,A warning is detected as a pair of this identifier `id_len'.
W,p11_front.c,227,44,c_builtin,W0104,UNC,X99,The value of formal argument `token' is not change. It can be declarable with 'const'.
W,p11_front.c,228,13,c_builtin,W0104,UNC,X99,The value of formal argument `pk' is not change. It can be declarable with 'const'.
W,p11_front.c,228,23,c_builtin,W0104,UNC,X99,The value of formal argument `label' is not change. It can be declarable with 'const'.
W,p11_front.c,228,45,c_builtin,W0104,UNC,X99,The value of formal argument `id' is not change. It can be declarable with 'const'.
W,p11_front.c,228,56,c_builtin,W0104,UNC,X99,The value of formal argument `id_len' is not change. It can be declarable with 'const'.
W,p11_front.c,227,44,c_builtin,W0105,UNC,X99,The object which points the formal argument `token' is not change. It can be declaring as pointer type which points const object.
W,p11_front.c,228,13,c_builtin,W0105,UNC,X99,The object which points the formal argument `pk' is not change. It can be declaring as pointer type which points const object.
W,p11_front.c,228,23,c_builtin,W0105,UNC,X99,The object which points the formal argument `label' is not change. It can be declaring as pointer type which points const object.
W,p11_front.c,228,45,c_builtin,W0105,UNC,X99,The object which points the formal argument `id' is not change. It can be declaring as pointer type which points const object.
W,p11_front.c,227,5,c_builtin,W1071,UNC,X99,Function `PKCS11_store_private_key' has multiple termination points.
W,p11_front.c,235,43,c_builtin,W0492,UNC,X99,"The same identifier name `token' is also used in the member of structure/union, label, tag or normal identifier."
C,libp11.h,104,16,c_builtin,C0001,INF,X99,A warning is detected as a pair of this identifier `token'.
W,p11_front.c,236,26,c_builtin,W0492,UNC,X99,"The same identifier name `label' is also used in the member of structure/union, label, tag or normal identifier."
C,libp11.h,58,8,c_builtin,C0001,INF,X99,A warning is detected as a pair of this identifier `label'.
C,libp11.h,69,8,c_builtin,C0001,INF,X99,A warning is detected as a pair of this identifier `label'.
C,libp11.h,78,8,c_builtin,C0001,INF,X99,A warning is detected as a pair of this identifier `label'.
C,pkcs11.h,231,17,c_builtin,C0001,INF,X99,A warning is detected as a pair of this identifier `label'.
W,p11_front.c,236,48,c_builtin,W0492,UNC,X99,"The same identifier name `id' is also used in the member of structure/union, label, tag or normal identifier."
C,libp11.h,59,17,c_builtin,C0001,INF,X99,A warning is detected as a pair of this identifier `id'.
C,libp11.h,70,17,c_builtin,C0001,INF,X99,A warning is detected as a pair of this identifier `id'.
C,libp11-int.h,59,13,c_builtin,C0001,INF,X99,A warning is detected as a pair of this identifier `id'.
C,libp11-int.h,96,16,c_builtin,C0001,INF,X99,A warning is detected as a pair of this identifier `id'.
C,libp11-int.h,109,16,c_builtin,C0001,INF,X99,A warning is detected as a pair of this identifier `id'.
W,p11_front.c,236,59,c_builtin,W0492,UNC,X99,"The same identifier name `id_len' is also used in the member of structure/union, label, tag or normal identifier."
C,libp11.h,60,9,c_builtin,C0001,INF,X99,A warning is detected as a pair of this identifier `id_len'.
C,libp11.h,71,9,c_builtin,C0001,INF,X99,A warning is detected as a pair of this identifier `id_len'.
C,libp11-int.h,97,9,c_builtin,C0001,INF,X99,A warning is detected as a pair of this identifier `id_len'.
C,libp11-int.h,110,9,c_builtin,C0001,INF,X99,A warning is detected as a pair of this identifier `id_len'.
W,p11_front.c,235,43,c_builtin,W0104,UNC,X99,The value of formal argument `token' is not change. It can be declarable with 'const'.
W,p11_front.c,236,16,c_builtin,W0104,UNC,X99,The value of formal argument `pk' is not change. It can be declarable with 'const'.
W,p11_front.c,236,26,c_builtin,W0104,UNC,X99,The value of formal argument `label' is not change. It can be declarable with 'const'.
W,p11_front.c,236,48,c_builtin,W0104,UNC,X99,The value of formal argument `id' is not change. It can be declarable with 'const'.
W,p11_front.c,236,59,c_builtin,W0104,UNC,X99,The value of formal argument `id_len' is not change. It can be declarable with 'const'.
W,p11_front.c,235,43,c_builtin,W0105,UNC,X99,The object which points the formal argument `token' is not change. It can be declaring as pointer type which points const object.
W,p11_front.c,236,16,c_builtin,W0105,UNC,X99,The object which points the formal argument `pk' is not change. It can be declaring as pointer type which points const object.
W,p11_front.c,236,26,c_builtin,W0105,UNC,X99,The object which points the formal argument `label' is not change. It can be declaring as pointer type which points const object.
W,p11_front.c,236,48,c_builtin,W0105,UNC,X99,The object which points the formal argument `id' is not change. It can be declaring as pointer type which points const object.
W,p11_front.c,235,5,c_builtin,W1071,UNC,X99,Function `PKCS11_store_public_key' has multiple termination points.
W,p11_front.c,243,44,c_builtin,W0492,UNC,X99,"The same identifier name `token' is also used in the member of structure/union, label, tag or normal identifier."
C,libp11.h,104,16,c_builtin,C0001,INF,X99,A warning is detected as a pair of this identifier `token'.
W,p11_front.c,243,57,c_builtin,W0492,UNC,X99,"The same identifier name `x509' is also used in the member of structure/union, label, tag or normal identifier."
C,libp11.h,72,8,c_builtin,C0001,INF,X99,A warning is detected as a pair of this identifier `x509'.
W,p11_front.c,244,9,c_builtin,W0492,UNC,X99,"The same identifier name `label' is also used in the member of structure/union, label, tag or normal identifier."
C,libp11.h,58,8,c_builtin,C0001,INF,X99,A warning is detected as a pair of this identifier `label'.
C,libp11.h,69,8,c_builtin,C0001,INF,X99,A warning is detected as a pair of this identifier `label'.
C,libp11.h,78,8,c_builtin,C0001,INF,X99,A warning is detected as a pair of this identifier `label'.
C,pkcs11.h,231,17,c_builtin,C0001,INF,X99,A warning is detected as a pair of this identifier `label'.
W,p11_front.c,244,31,c_builtin,W0492,UNC,X99,"The same identifier name `id' is also used in the member of structure/union, label, tag or normal identifier."
C,libp11.h,59,17,c_builtin,C0001,INF,X99,A warning is detected as a pair of this identifier `id'.
C,libp11.h,70,17,c_builtin,C0001,INF,X99,A warning is detected as a pair of this identifier `id'.
C,libp11-int.h,59,13,c_builtin,C0001,INF,X99,A warning is detected as a pair of this identifier `id'.
C,libp11-int.h,96,16,c_builtin,C0001,INF,X99,A warning is detected as a pair of this identifier `id'.
C,libp11-int.h,109,16,c_builtin,C0001,INF,X99,A warning is detected as a pair of this identifier `id'.
W,p11_front.c,244,42,c_builtin,W0492,UNC,X99,"The same identifier name `id_len' is also used in the member of structure/union, label, tag or normal identifier."
C,libp11.h,60,9,c_builtin,C0001,INF,X99,A warning is detected as a pair of this identifier `id_len'.
C,libp11.h,71,9,c_builtin,C0001,INF,X99,A warning is detected as a pair of this identifier `id_len'.
C,libp11-int.h,97,9,c_builtin,C0001,INF,X99,A warning is detected as a pair of this identifier `id_len'.
C,libp11-int.h,110,9,c_builtin,C0001,INF,X99,A warning is detected as a pair of this identifier `id_len'.
W,p11_front.c,243,44,c_builtin,W0104,UNC,X99,The value of formal argument `token' is not change. It can be declarable with 'const'.
W,p11_front.c,243,57,c_builtin,W0104,UNC,X99,The value of formal argument `x509' is not change. It can be declarable with 'const'.
W,p11_front.c,244,9,c_builtin,W0104,UNC,X99,The value of formal argument `label' is not change. It can be declarable with 'const'.
W,p11_front.c,244,31,c_builtin,W0104,UNC,X99,The value of formal argument `id' is not change. It can be declarable with 'const'.
W,p11_front.c,244,42,c_builtin,W0104,UNC,X99,The value of formal argument `id_len' is not change. It can be declarable with 'const'.
W,p11_front.c,245,17,c_builtin,W0104,UNC,X99,The value of formal argument `ret_cert' is not change. It can be declarable with 'const'.
W,p11_front.c,243,44,c_builtin,W0105,UNC,X99,The object which points the formal argument `token' is not change. It can be declaring as pointer type which points const object.
W,p11_front.c,243,57,c_builtin,W0105,UNC,X99,The object which points the formal argument `x509' is not change. It can be declaring as pointer type which points const object.
W,p11_front.c,244,9,c_builtin,W0105,UNC,X99,The object which points the formal argument `label' is not change. It can be declaring as pointer type which points const object.
W,p11_front.c,244,31,c_builtin,W0105,UNC,X99,The object which points the formal argument `id' is not change. It can be declaring as pointer type which points const object.
W,p11_front.c,245,17,c_builtin,W0105,UNC,X99,The object which points the formal argument `ret_cert' is not change. It can be declaring as pointer type which points const object.
W,p11_front.c,243,5,c_builtin,W1071,UNC,X99,Function `PKCS11_store_certificate' has multiple termination points.
W,p11_front.c,252,37,c_builtin,W0104,UNC,X99,The value of formal argument `slot' is not change. It can be declarable with 'const'.
W,p11_front.c,252,64,c_builtin,W0104,UNC,X99,The value of formal argument `s' is not change. It can be declarable with 'const'.
W,p11_front.c,252,80,c_builtin,W0104,UNC,X99,The value of formal argument `s_len' is not change. It can be declarable with 'const'.
W,p11_front.c,252,37,c_builtin,W0105,UNC,X99,The object which points the formal argument `slot' is not change. It can be declaring as pointer type which points const object.
W,p11_front.c,252,5,c_builtin,W1071,UNC,X99,Function `PKCS11_seed_random' has multiple termination points.
W,p11_front.c,259,41,c_builtin,W0104,UNC,X99,The value of formal argument `slot' is not change. It can be declarable with 'const'.
W,p11_front.c,259,62,c_builtin,W0104,UNC,X99,The value of formal argument `r' is not change. It can be declarable with 'const'.
W,p11_front.c,259,78,c_builtin,W0104,UNC,X99,The value of formal argument `r_len' is not change. It can be declarable with 'const'.
W,p11_front.c,259,41,c_builtin,W0105,UNC,X99,The object which points the formal argument `slot' is not change. It can be declaring as pointer type which points const object.
W,p11_front.c,259,62,c_builtin,W0105,UNC,X99,The object which points the formal argument `r' is not change. It can be declaring as pointer type which points const object.
W,p11_front.c,259,5,c_builtin,W1071,UNC,X99,Function `PKCS11_generate_random' has multiple termination points.
W,p11_front.c,271,22,c_builtin,W1073,UNC,X99,Return value of the function `ERR_load_P11_strings' is discarded.
W,p11_front.c,272,22,c_builtin,W1073,UNC,X99,Return value of the function `ERR_load_CKR_strings' is discarded.
W,p11_front.c,275,54,c_builtin,W0492,UNC,X99,"The same identifier name `ui_method' is also used in the member of structure/union, label, tag or normal identifier."
C,libp11-int.h,47,13,c_builtin,C0001,INF,X99,A warning is detected as a pair of this identifier `ui_method'.
W,p11_front.c,275,71,c_builtin,W0492,UNC,X99,"The same identifier name `ui_user_data' is also used in the member of structure/union, label, tag or normal identifier."
C,libp11-int.h,48,8,c_builtin,C0001,INF,X99,A warning is detected as a pair of this identifier `ui_user_data'.
W,p11_front.c,275,38,c_builtin,W0104,UNC,X99,The value of formal argument `ctx' is not change. It can be declarable with 'const'.
W,p11_front.c,275,54,c_builtin,W0104,UNC,X99,The value of formal argument `ui_method' is not change. It can be declarable with 'const'.
W,p11_front.c,275,71,c_builtin,W0104,UNC,X99,The value of formal argument `ui_user_data' is not change. It can be declarable with 'const'.
W,p11_front.c,275,38,c_builtin,W0105,UNC,X99,The object which points the formal argument `ctx' is not change. It can be declaring as pointer type which points const object.
W,p11_front.c,275,54,c_builtin,W0105,UNC,X99,The object which points the formal argument `ui_method' is not change. It can be declaring as pointer type which points const object.
W,p11_front.c,275,71,c_builtin,W0105,UNC,X99,The object which points the formal argument `ui_user_data' is not change. It can be declaring as pointer type which points const object.
W,p11_front.c,275,5,c_builtin,W1071,UNC,X99,Function `PKCS11_set_ui_method' has multiple termination points.
W,p11_front.c,284,39,c_builtin,W0492,UNC,X99,"The same identifier name `token' is also used in the member of structure/union, label, tag or normal identifier."
C,libp11.h,104,16,c_builtin,C0001,INF,X99,A warning is detected as a pair of this identifier `token'.
W,p11_front.c,286,9,c_builtin,W0492,UNC,X99,"The same identifier name `label' is also used in the member of structure/union, label, tag or normal identifier."
C,libp11.h,58,8,c_builtin,C0001,INF,X99,A warning is detected as a pair of this identifier `label'.
C,libp11.h,69,8,c_builtin,C0001,INF,X99,A warning is detected as a pair of this identifier `label'.
C,libp11.h,78,8,c_builtin,C0001,INF,X99,A warning is detected as a pair of this identifier `label'.
C,pkcs11.h,231,17,c_builtin,C0001,INF,X99,A warning is detected as a pair of this identifier `label'.
W,p11_front.c,286,31,c_builtin,W0492,UNC,X99,"The same identifier name `id' is also used in the member of structure/union, label, tag or normal identifier."
C,libp11.h,59,17,c_builtin,C0001,INF,X99,A warning is detected as a pair of this identifier `id'.
C,libp11.h,70,17,c_builtin,C0001,INF,X99,A warning is detected as a pair of this identifier `id'.
C,libp11-int.h,59,13,c_builtin,C0001,INF,X99,A warning is detected as a pair of this identifier `id'.
C,libp11-int.h,96,16,c_builtin,C0001,INF,X99,A warning is detected as a pair of this identifier `id'.
C,libp11-int.h,109,16,c_builtin,C0001,INF,X99,A warning is detected as a pair of this identifier `id'.
W,p11_front.c,286,42,c_builtin,W0492,UNC,X99,"The same identifier name `id_len' is also used in the member of structure/union, label, tag or normal identifier."
C,libp11.h,60,9,c_builtin,C0001,INF,X99,A warning is detected as a pair of this identifier `id_len'.
C,libp11.h,71,9,c_builtin,C0001,INF,X99,A warning is detected as a pair of this identifier `id_len'.
C,libp11-int.h,97,9,c_builtin,C0001,INF,X99,A warning is detected as a pair of this identifier `id_len'.
C,libp11-int.h,110,9,c_builtin,C0001,INF,X99,A warning is detected as a pair of this identifier `id_len'.
W,p11_front.c,284,39,c_builtin,W0104,UNC,X99,The value of formal argument `token' is not change. It can be declarable with 'const'.
W,p11_front.c,285,7,c_builtin,W0104,UNC,X99,The value of formal argument `algorithm' is not change. It can be declarable with 'const'.
W,p11_front.c,285,31,c_builtin,W0104,UNC,X99,The value of formal argument `bits' is not change. It can be declarable with 'const'.
W,p11_front.c,286,9,c_builtin,W0104,UNC,X99,The value of formal argument `label' is not change. It can be declarable with 'const'.
W,p11_front.c,286,31,c_builtin,W0104,UNC,X99,The value of formal argument `id' is not change. It can be declarable with 'const'.
W,p11_front.c,286,42,c_builtin,W0104,UNC,X99,The value of formal argument `id_len' is not change. It can be declarable with 'const'.
W,p11_front.c,284,39,c_builtin,W0105,UNC,X99,The object which points the formal argument `token' is not change. It can be declaring as pointer type which points const object.
W,p11_front.c,286,9,c_builtin,W0105,UNC,X99,The object which points the formal argument `label' is not change. It can be declaring as pointer type which points const object.
W,p11_front.c,286,31,c_builtin,W0105,UNC,X99,The object which points the formal argument `id' is not change. It can be declaring as pointer type which points const object.
W,p11_front.c,284,5,c_builtin,W1071,UNC,X99,Function `PKCS11_generate_key' has multiple termination points.
W,p11_front.c,293,37,c_builtin,W0104,UNC,X99,The value of formal argument `key' is not change. It can be declarable with 'const'.
W,p11_front.c,293,37,c_builtin,W0105,UNC,X99,The object which points the formal argument `key' is not change. It can be declaring as pointer type which points const object.
W,p11_front.c,293,5,c_builtin,W1071,UNC,X99,Function `PKCS11_get_key_size' has multiple termination points.
W,p11_front.c,300,40,c_builtin,W0104,UNC,X99,The value of formal argument `key' is not change. It can be declarable with 'const'.
W,p11_front.c,300,54,c_builtin,W0104,UNC,X99,The value of formal argument `bn' is not change. It can be declarable with 'const'.
W,p11_front.c,300,40,c_builtin,W0105,UNC,X99,The object which points the formal argument `key' is not change. It can be declaring as pointer type which points const object.
W,p11_front.c,300,54,c_builtin,W0105,UNC,X99,The object which points the formal argument `bn' is not change. It can be declaring as pointer type which points const object.
W,p11_front.c,300,5,c_builtin,W1071,UNC,X99,Function `PKCS11_get_key_modulus' has multiple termination points.
W,p11_front.c,307,41,c_builtin,W0104,UNC,X99,The value of formal argument `key' is not change. It can be declarable with 'const'.
W,p11_front.c,307,55,c_builtin,W0104,UNC,X99,The value of formal argument `bn' is not change. It can be declarable with 'const'.
W,p11_front.c,307,41,c_builtin,W0105,UNC,X99,The object which points the formal argument `key' is not change. It can be declaring as pointer type which points const object.
W,p11_front.c,307,55,c_builtin,W0105,UNC,X99,The object which points the formal argument `bn' is not change. It can be declaring as pointer type which points const object.
W,p11_front.c,307,5,c_builtin,W1071,UNC,X99,Function `PKCS11_get_key_exponent' has multiple termination points.
W,p11_front.c,314,21,c_builtin,W0492,UNC,X99,"The same identifier name `type' is also used in the member of structure/union, label, tag or normal identifier."
C,pkcs11.h,468,23,c_builtin,C0001,INF,X99,A warning is detected as a pair of this identifier `type'.
C,libp11-int.h,87,6,c_builtin,C0001,INF,X99,A warning is detected as a pair of this identifier `type'.
W,p11_front.c,314,21,c_builtin,W0104,UNC,X99,The value of formal argument `type' is not change. It can be declarable with 'const'.
W,p11_front.c,314,48,c_builtin,W0104,UNC,X99,The value of formal argument `m' is not change. It can be declarable with 'const'.
W,p11_front.c,314,64,c_builtin,W0104,UNC,X99,The value of formal argument `m_len' is not change. It can be declarable with 'const'.
W,p11_front.c,315,18,c_builtin,W0104,UNC,X99,The value of formal argument `sigret' is not change. It can be declarable with 'const'.
W,p11_front.c,315,40,c_builtin,W0104,UNC,X99,The value of formal argument `siglen' is not change. It can be declarable with 'const'.
W,p11_front.c,315,60,c_builtin,W0104,UNC,X99,The value of formal argument `key' is not change. It can be declarable with 'const'.
W,p11_front.c,315,18,c_builtin,W0105,UNC,X99,The object which points the formal argument `sigret' is not change. It can be declaring as pointer type which points const object.
W,p11_front.c,315,40,c_builtin,W0105,UNC,X99,The object which points the formal argument `siglen' is not change. It can be declaring as pointer type which points const object.
W,p11_front.c,315,60,c_builtin,W0105,UNC,X99,The object which points the formal argument `key' is not change. It can be declaring as pointer type which points const object.
W,p11_front.c,314,5,c_builtin,W1071,UNC,X99,Function `PKCS11_sign' has multiple termination points.
W,p11_front.c,322,32,c_builtin,W0104,UNC,X99,The value of formal argument `flen' is not change. It can be declarable with 'const'.
W,p11_front.c,322,59,c_builtin,W0104,UNC,X99,The value of formal argument `from' is not change. It can be declarable with 'const'.
W,p11_front.c,322,80,c_builtin,W0104,UNC,X99,The value of formal argument `to' is not change. It can be declarable with 'const'.
W,p11_front.c,323,15,c_builtin,W0104,UNC,X99,The value of formal argument `key' is not change. It can be declarable with 'const'.
W,p11_front.c,323,24,c_builtin,W0104,UNC,X99,The value of formal argument `padding' is not change. It can be declarable with 'const'.
W,p11_front.c,322,80,c_builtin,W0105,UNC,X99,The object which points the formal argument `to' is not change. It can be declaring as pointer type which points const object.
W,p11_front.c,323,15,c_builtin,W0105,UNC,X99,The object which points the formal argument `key' is not change. It can be declaring as pointer type which points const object.
W,p11_front.c,322,5,c_builtin,W1071,UNC,X99,Function `PKCS11_private_encrypt' has multiple termination points.
W,p11_front.c,330,32,c_builtin,W0104,UNC,X99,The value of formal argument `flen' is not change. It can be declarable with 'const'.
W,p11_front.c,330,59,c_builtin,W0104,UNC,X99,The value of formal argument `from' is not change. It can be declarable with 'const'.
W,p11_front.c,330,80,c_builtin,W0104,UNC,X99,The value of formal argument `to' is not change. It can be declarable with 'const'.
W,p11_front.c,331,15,c_builtin,W0104,UNC,X99,The value of formal argument `key' is not change. It can be declarable with 'const'.
W,p11_front.c,331,24,c_builtin,W0104,UNC,X99,The value of formal argument `padding' is not change. It can be declarable with 'const'.
W,p11_front.c,330,80,c_builtin,W0105,UNC,X99,The object which points the formal argument `to' is not change. It can be declaring as pointer type which points const object.
W,p11_front.c,331,15,c_builtin,W0105,UNC,X99,The object which points the formal argument `key' is not change. It can be declaring as pointer type which points const object.
W,p11_front.c,330,5,c_builtin,W1071,UNC,X99,Function `PKCS11_private_decrypt' has multiple termination points.
W,p11_front.c,338,23,c_builtin,W0492,UNC,X99,"The same identifier name `type' is also used in the member of structure/union, label, tag or normal identifier."
C,pkcs11.h,468,23,c_builtin,C0001,INF,X99,A warning is detected as a pair of this identifier `type'.
C,libp11-int.h,87,6,c_builtin,C0001,INF,X99,A warning is detected as a pair of this identifier `type'.
W,p11_front.c,349,2,c_builtin,W9003,UNC,X99,An object typed `char *' is implicitly converted into an object of type `int'.
W,p11_front.c,338,23,c_builtin,W0104,UNC,X99,The value of formal argument `type' is not change. It can be declarable with 'const'.
W,p11_front.c,338,50,c_builtin,W0104,UNC,X99,The value of formal argument `m' is not change. It can be declarable with 'const'.
W,p11_front.c,338,66,c_builtin,W0104,UNC,X99,The value of formal argument `m_len' is not change. It can be declarable with 'const'.
W,p11_front.c,339,18,c_builtin,W0104,UNC,X99,The value of formal argument `signature' is not change. It can be declarable with 'const'.
W,p11_front.c,339,42,c_builtin,W0104,UNC,X99,The value of formal argument `siglen' is not change. It can be declarable with 'const'.
W,p11_front.c,339,62,c_builtin,W0104,UNC,X99,The value of formal argument `key' is not change. It can be declarable with 'const'.
W,p11_front.c,339,18,c_builtin,W0105,UNC,X99,The object which points the formal argument `signature' is not change. It can be declaring as pointer type which points const object.
W,p11_front.c,339,62,c_builtin,W0105,UNC,X99,The object which points the formal argument `key' is not change. It can be declaring as pointer type which points const object.
W,libp11.h,39,5,c_builtin,W0771,UNC,X99,A global identifier `ERR_load_CKR_strings' is declared in more than one file.
C,libp11-int.h,133,12,c_builtin,C0001,INF,X99,A warning is detected as a pair of this identifier `ERR_load_CKR_strings'.
W,libp11-int.h,133,12,c_builtin,W0771,UNC,X99,A global identifier `ERR_load_CKR_strings' is declared in more than one file.
C,libp11.h,39,5,c_builtin,C0001,INF,X99,A warning is detected as a pair of this identifier `ERR_load_CKR_strings'.
W,libp11-int.h,27,1,c_builtin,W0073,UNC,X99,No include guard in this include file.
W,p11_err.h,26,1,c_builtin,W0443,UNC,X99,This function-like macro might be replaced with a function.
W,libp11.h,28,1,c_builtin,W0073,UNC,X99,No include guard in this include file.
W,libp11.h,42,1,c_builtin,W0443,UNC,X99,This function-like macro might be replaced with a function.
W,pkcs11.h,271,1,c_builtin,W0479,UNC,X99,This macro definition might be replaced with 'typedef' declaration.
W,pkcs11.h,799,1,c_builtin,W0478,UNC,X99,This macro defines scraps of unrecognized codes.
W,pkcs11.h,1267,1,c_builtin,W0443,UNC,X99,This function-like macro might be replaced with a function.
W,libp11-int.h,69,1,c_builtin,W0443,UNC,X99,This function-like macro might be replaced with a function.
W,libp11-int.h,83,1,c_builtin,W0443,UNC,X99,This function-like macro might be replaced with a function.
W,libp11-int.h,84,1,c_builtin,W0443,UNC,X99,This function-like macro might be replaced with a function.
W,libp11-int.h,102,1,c_builtin,W0443,UNC,X99,This function-like macro might be replaced with a function.
W,libp11-int.h,103,1,c_builtin,W0443,UNC,X99,This function-like macro might be replaced with a function.
W,libp11-int.h,104,1,c_builtin,W0443,UNC,X99,This function-like macro might be replaced with a function.
W,libp11-int.h,113,1,c_builtin,W0443,UNC,X99,This function-like macro might be replaced with a function.
W,libp11-int.h,114,1,c_builtin,W0443,UNC,X99,This function-like macro might be replaced with a function.
W,libp11-int.h,115,1,c_builtin,W0443,UNC,X99,This function-like macro might be replaced with a function.
W,libp11-int.h,131,1,c_builtin,W0443,UNC,X99,This function-like macro might be replaced with a function.
W,libp11-int.h,144,1,c_builtin,W0478,UNC,X99,This macro defines scraps of unrecognized codes.
W,libp11-int.h,146,1,c_builtin,W0478,UNC,X99,This macro defines scraps of unrecognized codes.
W,libp11-int.h,148,1,c_builtin,W0478,UNC,X99,This macro defines scraps of unrecognized codes.
W,libp11-int.h,150,1,c_builtin,W0478,UNC,X99,This macro defines scraps of unrecognized codes.
W,libp11-int.h,156,1,c_builtin,W0443,UNC,X99,This function-like macro might be replaced with a function.
W,libp11-int.h,190,1,c_builtin,W0443,UNC,X99,This function-like macro might be replaced with a function.
W,libp11-int.h,193,1,c_builtin,W0443,UNC,X99,This function-like macro might be replaced with a function.
W,libp11-int.h,196,1,c_builtin,W0443,UNC,X99,This function-like macro might be replaced with a function.
W,libp11-int.h,203,1,c_builtin,W0443,UNC,X99,This function-like macro might be replaced with a function.
W,pkcs11.h,188,8,c_builtin,W0809,UNC,X99,An identifier `_CK_VERSION' is reserved by the library.
W,pkcs11.h,195,8,c_builtin,W0809,UNC,X99,An identifier `_CK_INFO' is reserved by the library.
W,pkcs11.h,213,8,c_builtin,W0809,UNC,X99,An identifier `_CK_SLOT_INFO' is reserved by the library.
W,pkcs11.h,229,8,c_builtin,W0809,UNC,X99,An identifier `_CK_TOKEN_INFO' is reserved by the library.
W,pkcs11.h,296,8,c_builtin,W0809,UNC,X99,An identifier `_CK_SESSION_INFO' is reserved by the library.
W,pkcs11.h,466,8,c_builtin,W0809,UNC,X99,An identifier `_CK_ATTRIBUTE' is reserved by the library.
W,pkcs11.h,474,8,c_builtin,W0809,UNC,X99,An identifier `_CK_DATE' is reserved by the library.
W,pkcs11.h,717,8,c_builtin,W0809,UNC,X99,An identifier `_CK_MECHANISM' is reserved by the library.
W,pkcs11.h,725,8,c_builtin,W0809,UNC,X99,An identifier `_CK_MECHANISM_INFO' is reserved by the library.
W,pkcs11.h,1080,8,c_builtin,W0809,UNC,X99,An identifier `_CK_FUNCTION_LIST' is reserved by the library.
W,pkcs11.h,1160,8,c_builtin,W0809,UNC,X99,An identifier `_CK_C_INITIALIZE_ARGS' is reserved by the library.
W,pkcs11.h,1324,30,c_builtin,W0039,UNC,X99,The number of local identifier in the block exceeds 127. This program doesn't meet the strict ISO C90 standards of the term.
W,libp11-int.h,142,5,c_builtin,W0078,UNC,X99,A function is declared without list of formal argument.
W,libp11-int.h,160,21,c_builtin,W0078,UNC,X99,A function is declared without list of formal argument.
W,libp11-int.h,168,14,c_builtin,W0542,UNC,X99,There are identifiers in the part of formal argument in a function declaration.
W,libp11-int.h,328,12,c_builtin,W0542,UNC,X99,There are identifiers in the part of formal argument in a function declaration.
W,libp11-int.h,329,12,c_builtin,W0542,UNC,X99,There are identifiers in the part of formal argument in a function declaration.
W,p11_front.c,38,3,c_builtin,W0413,UNC,X99,The body of control statement is unenclosed by curly brace `{}' block.
W,p11_front.c,45,3,c_builtin,W0413,UNC,X99,The body of control statement is unenclosed by curly brace `{}' block.
W,p11_front.c,52,3,c_builtin,W0413,UNC,X99,The body of control statement is unenclosed by curly brace `{}' block.
W,p11_front.c,59,3,c_builtin,W0413,UNC,X99,The body of control statement is unenclosed by curly brace `{}' block.
W,p11_front.c,66,3,c_builtin,W0413,UNC,X99,The body of control statement is unenclosed by curly brace `{}' block.
W,p11_front.c,74,3,c_builtin,W0413,UNC,X99,The body of control statement is unenclosed by curly brace `{}' block.
W,p11_front.c,78,15,c_builtin,W0543,UNC,X99,The identifier of formal argument in this function declaration is different from the past declaration of it.
W,p11_front.c,81,3,c_builtin,W0413,UNC,X99,The body of control statement is unenclosed by curly brace `{}' block.
W,p11_front.c,89,3,c_builtin,W0413,UNC,X99,The body of control statement is unenclosed by curly brace `{}' block.
W,p11_front.c,97,3,c_builtin,W0413,UNC,X99,The body of control statement is unenclosed by curly brace `{}' block.
W,p11_front.c,101,14,c_builtin,W0543,UNC,X99,The identifier of formal argument in this function declaration is different from the past declaration of it.
W,p11_front.c,106,3,c_builtin,W0413,UNC,X99,The body of control statement is unenclosed by curly brace `{}' block.
W,p11_front.c,113,3,c_builtin,W0413,UNC,X99,The body of control statement is unenclosed by curly brace `{}' block.
W,p11_front.c,120,3,c_builtin,W0413,UNC,X99,The body of control statement is unenclosed by curly brace `{}' block.
W,p11_front.c,127,3,c_builtin,W0413,UNC,X99,The body of control statement is unenclosed by curly brace `{}' block.
W,p11_front.c,135,3,c_builtin,W0413,UNC,X99,The body of control statement is unenclosed by curly brace `{}' block.
W,p11_front.c,142,3,c_builtin,W0413,UNC,X99,The body of control statement is unenclosed by curly brace `{}' block.
W,p11_front.c,150,3,c_builtin,W0413,UNC,X99,The body of control statement is unenclosed by curly brace `{}' block.
W,p11_front.c,157,3,c_builtin,W0413,UNC,X99,The body of control statement is unenclosed by curly brace `{}' block.
W,p11_front.c,164,3,c_builtin,W0413,UNC,X99,The body of control statement is unenclosed by curly brace `{}' block.
W,p11_front.c,171,3,c_builtin,W0413,UNC,X99,The body of control statement is unenclosed by curly brace `{}' block.
W,p11_front.c,178,3,c_builtin,W0413,UNC,X99,The body of control statement is unenclosed by curly brace `{}' block.
W,p11_front.c,185,3,c_builtin,W0413,UNC,X99,The body of control statement is unenclosed by curly brace `{}' block.
W,p11_front.c,193,3,c_builtin,W0413,UNC,X99,The body of control statement is unenclosed by curly brace `{}' block.
W,p11_front.c,200,3,c_builtin,W0413,UNC,X99,The body of control statement is unenclosed by curly brace `{}' block.
W,p11_front.c,208,3,c_builtin,W0413,UNC,X99,The body of control statement is unenclosed by curly brace `{}' block.
W,p11_front.c,215,3,c_builtin,W0413,UNC,X99,The body of control statement is unenclosed by curly brace `{}' block.
W,p11_front.c,223,3,c_builtin,W0413,UNC,X99,The body of control statement is unenclosed by curly brace `{}' block.
W,p11_front.c,231,3,c_builtin,W0413,UNC,X99,The body of control statement is unenclosed by curly brace `{}' block.
W,p11_front.c,239,3,c_builtin,W0413,UNC,X99,The body of control statement is unenclosed by curly brace `{}' block.
W,p11_front.c,248,3,c_builtin,W0413,UNC,X99,The body of control statement is unenclosed by curly brace `{}' block.
W,p11_front.c,255,3,c_builtin,W0413,UNC,X99,The body of control statement is unenclosed by curly brace `{}' block.
W,p11_front.c,262,3,c_builtin,W0413,UNC,X99,The body of control statement is unenclosed by curly brace `{}' block.
W,p11_front.c,278,3,c_builtin,W0413,UNC,X99,The body of control statement is unenclosed by curly brace `{}' block.
W,p11_front.c,289,3,c_builtin,W0413,UNC,X99,The body of control statement is unenclosed by curly brace `{}' block.
W,p11_front.c,296,3,c_builtin,W0413,UNC,X99,The body of control statement is unenclosed by curly brace `{}' block.
W,p11_front.c,303,3,c_builtin,W0413,UNC,X99,The body of control statement is unenclosed by curly brace `{}' block.
W,p11_front.c,310,3,c_builtin,W0413,UNC,X99,The body of control statement is unenclosed by curly brace `{}' block.
W,p11_front.c,318,3,c_builtin,W0413,UNC,X99,The body of control statement is unenclosed by curly brace `{}' block.
W,p11_front.c,322,5,c_builtin,W0543,UNC,X99,The identifier of formal argument in this function declaration is different from the past declaration of it.
W,p11_front.c,326,3,c_builtin,W0413,UNC,X99,The body of control statement is unenclosed by curly brace `{}' block.
W,p11_front.c,334,3,c_builtin,W0413,UNC,X99,The body of control statement is unenclosed by curly brace `{}' block.
W,libp11.h,29,1,c_builtin,W0070,UNC,X99,Included </usr/include/openssl/err.h> is not referenced in the translation unit. It can be removed.
W,libp11-int.h,24,1,c_builtin,W0071,UNC,X99,"Included ""config.h"" is not referenced in the translation unit. It can be removed."
W,p11_front.c,341,2,c_builtin,W0085,UNC,X99,This statement doesn't have side-effects. It is highly possible that it having error.
W,p11_front.c,342,2,c_builtin,W0085,UNC,X99,This statement doesn't have side-effects. It is highly possible that it having error.
W,p11_front.c,343,2,c_builtin,W0085,UNC,X99,This statement doesn't have side-effects. It is highly possible that it having error.
W,p11_front.c,344,2,c_builtin,W0085,UNC,X99,This statement doesn't have side-effects. It is highly possible that it having error.
W,p11_front.c,345,2,c_builtin,W0085,UNC,X99,This statement doesn't have side-effects. It is highly possible that it having error.
W,p11_front.c,346,2,c_builtin,W0085,UNC,X99,This statement doesn't have side-effects. It is highly possible that it having error.
W,pkcs11.h,803,1,c_builtin,W0425,UNC,X99,There are several definitions or statements in a line.
W,pkcs11.h,804,1,c_builtin,W0425,UNC,X99,There are several definitions or statements in a line.
W,pkcs11.h,805,1,c_builtin,W0425,UNC,X99,There are several definitions or statements in a line.
W,pkcs11.h,806,1,c_builtin,W0425,UNC,X99,There are several definitions or statements in a line.
W,pkcs11.h,809,1,c_builtin,W0425,UNC,X99,There are several definitions or statements in a line.
W,pkcs11.h,812,1,c_builtin,W0425,UNC,X99,There are several definitions or statements in a line.
W,pkcs11.h,814,1,c_builtin,W0425,UNC,X99,There are several definitions or statements in a line.
W,pkcs11.h,816,1,c_builtin,W0425,UNC,X99,There are several definitions or statements in a line.
W,pkcs11.h,818,1,c_builtin,W0425,UNC,X99,There are several definitions or statements in a line.
W,pkcs11.h,822,1,c_builtin,W0425,UNC,X99,There are several definitions or statements in a line.
W,pkcs11.h,825,1,c_builtin,W0425,UNC,X99,There are several definitions or statements in a line.
W,pkcs11.h,828,1,c_builtin,W0425,UNC,X99,There are several definitions or statements in a line.
W,pkcs11.h,831,1,c_builtin,W0425,UNC,X99,There are several definitions or statements in a line.
W,pkcs11.h,836,1,c_builtin,W0425,UNC,X99,There are several definitions or statements in a line.
W,pkcs11.h,840,1,c_builtin,W0425,UNC,X99,There are several definitions or statements in a line.
W,pkcs11.h,841,1,c_builtin,W0425,UNC,X99,There are several definitions or statements in a line.
W,pkcs11.h,842,1,c_builtin,W0425,UNC,X99,There are several definitions or statements in a line.
W,pkcs11.h,845,1,c_builtin,W0425,UNC,X99,There are several definitions or statements in a line.
W,pkcs11.h,849,1,c_builtin,W0425,UNC,X99,There are several definitions or statements in a line.
W,pkcs11.h,855,1,c_builtin,W0425,UNC,X99,There are several definitions or statements in a line.
W,pkcs11.h,858,1,c_builtin,W0425,UNC,X99,There are several definitions or statements in a line.
W,pkcs11.h,860,1,c_builtin,W0425,UNC,X99,There are several definitions or statements in a line.
W,pkcs11.h,864,1,c_builtin,W0425,UNC,X99,There are several definitions or statements in a line.
W,pkcs11.h,868,1,c_builtin,W0425,UNC,X99,There are several definitions or statements in a line.
W,pkcs11.h,871,1,c_builtin,W0425,UNC,X99,There are several definitions or statements in a line.
W,pkcs11.h,875,1,c_builtin,W0425,UNC,X99,There are several definitions or statements in a line.
W,pkcs11.h,880,1,c_builtin,W0425,UNC,X99,There are several definitions or statements in a line.
W,pkcs11.h,885,1,c_builtin,W0425,UNC,X99,There are several definitions or statements in a line.
W,pkcs11.h,889,1,c_builtin,W0425,UNC,X99,There are several definitions or statements in a line.
W,pkcs11.h,894,1,c_builtin,W0425,UNC,X99,There are several definitions or statements in a line.
W,pkcs11.h,897,1,c_builtin,W0425,UNC,X99,There are several definitions or statements in a line.
W,pkcs11.h,901,1,c_builtin,W0425,UNC,X99,There are several definitions or statements in a line.
W,pkcs11.h,906,1,c_builtin,W0425,UNC,X99,There are several definitions or statements in a line.
W,pkcs11.h,911,1,c_builtin,W0425,UNC,X99,There are several definitions or statements in a line.
W,pkcs11.h,916,1,c_builtin,W0425,UNC,X99,There are several definitions or statements in a line.
W,pkcs11.h,920,1,c_builtin,W0425,UNC,X99,There are several definitions or statements in a line.
W,pkcs11.h,925,1,c_builtin,W0425,UNC,X99,There are several definitions or statements in a line.
W,pkcs11.h,930,1,c_builtin,W0425,UNC,X99,There are several definitions or statements in a line.
W,pkcs11.h,935,1,c_builtin,W0425,UNC,X99,There are several definitions or statements in a line.
W,pkcs11.h,938,1,c_builtin,W0425,UNC,X99,There are several definitions or statements in a line.
W,pkcs11.h,943,1,c_builtin,W0425,UNC,X99,There are several definitions or statements in a line.
W,pkcs11.h,946,1,c_builtin,W0425,UNC,X99,There are several definitions or statements in a line.
W,pkcs11.h,948,1,c_builtin,W0425,UNC,X99,There are several definitions or statements in a line.
W,pkcs11.h,953,1,c_builtin,W0425,UNC,X99,There are several definitions or statements in a line.
W,pkcs11.h,957,1,c_builtin,W0425,UNC,X99,There are several definitions or statements in a line.
W,pkcs11.h,962,1,c_builtin,W0425,UNC,X99,There are several definitions or statements in a line.
W,pkcs11.h,965,1,c_builtin,W0425,UNC,X99,There are several definitions or statements in a line.
W,pkcs11.h,969,1,c_builtin,W0425,UNC,X99,There are several definitions or statements in a line.
W,pkcs11.h,973,1,c_builtin,W0425,UNC,X99,There are several definitions or statements in a line.
W,pkcs11.h,979,1,c_builtin,W0425,UNC,X99,There are several definitions or statements in a line.
W,pkcs11.h,983,1,c_builtin,W0425,UNC,X99,There are several definitions or statements in a line.
W,pkcs11.h,988,1,c_builtin,W0425,UNC,X99,There are several definitions or statements in a line.
W,pkcs11.h,991,1,c_builtin,W0425,UNC,X99,There are several definitions or statements in a line.
W,pkcs11.h,995,1,c_builtin,W0425,UNC,X99,There are several definitions or statements in a line.
W,pkcs11.h,999,1,c_builtin,W0425,UNC,X99,There are several definitions or statements in a line.
W,pkcs11.h,1006,1,c_builtin,W0425,UNC,X99,There are several definitions or statements in a line.
W,pkcs11.h,1011,1,c_builtin,W0425,UNC,X99,There are several definitions or statements in a line.
W,pkcs11.h,1017,1,c_builtin,W0425,UNC,X99,There are several definitions or statements in a line.
W,pkcs11.h,1022,1,c_builtin,W0425,UNC,X99,There are several definitions or statements in a line.
W,pkcs11.h,1029,1,c_builtin,W0425,UNC,X99,There are several definitions or statements in a line.
W,pkcs11.h,1035,1,c_builtin,W0425,UNC,X99,There are several definitions or statements in a line.
W,pkcs11.h,1044,1,c_builtin,W0425,UNC,X99,There are several definitions or statements in a line.
W,pkcs11.h,1051,1,c_builtin,W0425,UNC,X99,There are several definitions or statements in a line.
W,pkcs11.h,1060,1,c_builtin,W0425,UNC,X99,There are several definitions or statements in a line.
W,pkcs11.h,1068,1,c_builtin,W0425,UNC,X99,There are several definitions or statements in a line.
W,pkcs11.h,1071,1,c_builtin,W0425,UNC,X99,There are several definitions or statements in a line.
W,pkcs11.h,1076,1,c_builtin,W0425,UNC,X99,There are several definitions or statements in a line.
W,pkcs11.h,1077,1,c_builtin,W0425,UNC,X99,There are several definitions or statements in a line.
W,libp11-int.h,58,29,c_builtin,W0425,UNC,X99,There are several definitions or statements in a line.
W,libp11-int.h,78,19,c_builtin,W0425,UNC,X99,There are several definitions or statements in a line.
W,p11_front.c,32,2,c_builtin,W0432,UNC,X99,Indentation of this line does not comply with the project's indent style.
W,p11_front.c,37,2,c_builtin,W0432,UNC,X99,Indentation of this line does not comply with the project's indent style.
W,p11_front.c,38,3,c_builtin,W0432,UNC,X99,Indentation of this line does not comply with the project's indent style.
W,p11_front.c,39,2,c_builtin,W0432,UNC,X99,Indentation of this line does not comply with the project's indent style.
W,p11_front.c,44,2,c_builtin,W0432,UNC,X99,Indentation of this line does not comply with the project's indent style.
W,p11_front.c,45,3,c_builtin,W0432,UNC,X99,Indentation of this line does not comply with the project's indent style.
W,p11_front.c,46,2,c_builtin,W0432,UNC,X99,Indentation of this line does not comply with the project's indent style.
W,p11_front.c,51,2,c_builtin,W0432,UNC,X99,Indentation of this line does not comply with the project's indent style.
W,p11_front.c,52,3,c_builtin,W0432,UNC,X99,Indentation of this line does not comply with the project's indent style.
W,p11_front.c,53,2,c_builtin,W0432,UNC,X99,Indentation of this line does not comply with the project's indent style.
W,p11_front.c,58,2,c_builtin,W0432,UNC,X99,Indentation of this line does not comply with the project's indent style.
W,p11_front.c,59,3,c_builtin,W0432,UNC,X99,Indentation of this line does not comply with the project's indent style.
W,p11_front.c,60,2,c_builtin,W0432,UNC,X99,Indentation of this line does not comply with the project's indent style.
W,p11_front.c,65,2,c_builtin,W0432,UNC,X99,Indentation of this line does not comply with the project's indent style.
W,p11_front.c,66,3,c_builtin,W0432,UNC,X99,Indentation of this line does not comply with the project's indent style.
W,p11_front.c,67,2,c_builtin,W0432,UNC,X99,Indentation of this line does not comply with the project's indent style.
W,p11_front.c,73,2,c_builtin,W0432,UNC,X99,Indentation of this line does not comply with the project's indent style.
W,p11_front.c,74,3,c_builtin,W0432,UNC,X99,Indentation of this line does not comply with the project's indent style.
W,p11_front.c,75,2,c_builtin,W0432,UNC,X99,Indentation of this line does not comply with the project's indent style.
W,p11_front.c,80,2,c_builtin,W0432,UNC,X99,Indentation of this line does not comply with the project's indent style.
W,p11_front.c,81,3,c_builtin,W0432,UNC,X99,Indentation of this line does not comply with the project's indent style.
W,p11_front.c,82,2,c_builtin,W0432,UNC,X99,Indentation of this line does not comply with the project's indent style.
W,p11_front.c,88,2,c_builtin,W0432,UNC,X99,Indentation of this line does not comply with the project's indent style.
W,p11_front.c,89,3,c_builtin,W0432,UNC,X99,Indentation of this line does not comply with the project's indent style.
W,p11_front.c,90,2,c_builtin,W0432,UNC,X99,Indentation of this line does not comply with the project's indent style.
W,p11_front.c,96,2,c_builtin,W0432,UNC,X99,Indentation of this line does not comply with the project's indent style.
W,p11_front.c,97,3,c_builtin,W0432,UNC,X99,Indentation of this line does not comply with the project's indent style.
W,p11_front.c,98,2,c_builtin,W0432,UNC,X99,Indentation of this line does not comply with the project's indent style.
W,p11_front.c,105,2,c_builtin,W0432,UNC,X99,Indentation of this line does not comply with the project's indent style.
W,p11_front.c,106,3,c_builtin,W0432,UNC,X99,Indentation of this line does not comply with the project's indent style.
W,p11_front.c,107,2,c_builtin,W0432,UNC,X99,Indentation of this line does not comply with the project's indent style.
W,p11_front.c,112,2,c_builtin,W0432,UNC,X99,Indentation of this line does not comply with the project's indent style.
W,p11_front.c,113,3,c_builtin,W0432,UNC,X99,Indentation of this line does not comply with the project's indent style.
W,p11_front.c,114,2,c_builtin,W0432,UNC,X99,Indentation of this line does not comply with the project's indent style.
W,p11_front.c,119,2,c_builtin,W0432,UNC,X99,Indentation of this line does not comply with the project's indent style.
W,p11_front.c,120,3,c_builtin,W0432,UNC,X99,Indentation of this line does not comply with the project's indent style.
W,p11_front.c,121,2,c_builtin,W0432,UNC,X99,Indentation of this line does not comply with the project's indent style.
W,p11_front.c,126,2,c_builtin,W0432,UNC,X99,Indentation of this line does not comply with the project's indent style.
W,p11_front.c,127,3,c_builtin,W0432,UNC,X99,Indentation of this line does not comply with the project's indent style.
W,p11_front.c,128,2,c_builtin,W0432,UNC,X99,Indentation of this line does not comply with the project's indent style.
W,p11_front.c,134,2,c_builtin,W0432,UNC,X99,Indentation of this line does not comply with the project's indent style.
W,p11_front.c,135,3,c_builtin,W0432,UNC,X99,Indentation of this line does not comply with the project's indent style.
W,p11_front.c,136,2,c_builtin,W0432,UNC,X99,Indentation of this line does not comply with the project's indent style.
W,p11_front.c,141,2,c_builtin,W0432,UNC,X99,Indentation of this line does not comply with the project's indent style.
W,p11_front.c,142,3,c_builtin,W0432,UNC,X99,Indentation of this line does not comply with the project's indent style.
W,p11_front.c,143,2,c_builtin,W0432,UNC,X99,Indentation of this line does not comply with the project's indent style.
W,p11_front.c,149,2,c_builtin,W0432,UNC,X99,Indentation of this line does not comply with the project's indent style.
W,p11_front.c,150,3,c_builtin,W0432,UNC,X99,Indentation of this line does not comply with the project's indent style.
W,p11_front.c,151,2,c_builtin,W0432,UNC,X99,Indentation of this line does not comply with the project's indent style.
W,p11_front.c,156,2,c_builtin,W0432,UNC,X99,Indentation of this line does not comply with the project's indent style.
W,p11_front.c,157,3,c_builtin,W0432,UNC,X99,Indentation of this line does not comply with the project's indent style.
W,p11_front.c,158,2,c_builtin,W0432,UNC,X99,Indentation of this line does not comply with the project's indent style.
W,p11_front.c,163,2,c_builtin,W0432,UNC,X99,Indentation of this line does not comply with the project's indent style.
W,p11_front.c,164,3,c_builtin,W0432,UNC,X99,Indentation of this line does not comply with the project's indent style.
W,p11_front.c,165,2,c_builtin,W0432,UNC,X99,Indentation of this line does not comply with the project's indent style.
W,p11_front.c,170,2,c_builtin,W0432,UNC,X99,Indentation of this line does not comply with the project's indent style.
W,p11_front.c,171,3,c_builtin,W0432,UNC,X99,Indentation of this line does not comply with the project's indent style.
W,p11_front.c,172,2,c_builtin,W0432,UNC,X99,Indentation of this line does not comply with the project's indent style.
W,p11_front.c,177,2,c_builtin,W0432,UNC,X99,Indentation of this line does not comply with the project's indent style.
W,p11_front.c,178,3,c_builtin,W0432,UNC,X99,Indentation of this line does not comply with the project's indent style.
W,p11_front.c,179,2,c_builtin,W0432,UNC,X99,Indentation of this line does not comply with the project's indent style.
W,p11_front.c,184,2,c_builtin,W0432,UNC,X99,Indentation of this line does not comply with the project's indent style.
W,p11_front.c,185,3,c_builtin,W0432,UNC,X99,Indentation of this line does not comply with the project's indent style.
W,p11_front.c,186,2,c_builtin,W0432,UNC,X99,Indentation of this line does not comply with the project's indent style.
W,p11_front.c,192,2,c_builtin,W0432,UNC,X99,Indentation of this line does not comply with the project's indent style.
W,p11_front.c,193,3,c_builtin,W0432,UNC,X99,Indentation of this line does not comply with the project's indent style.
W,p11_front.c,194,2,c_builtin,W0432,UNC,X99,Indentation of this line does not comply with the project's indent style.
W,p11_front.c,199,2,c_builtin,W0432,UNC,X99,Indentation of this line does not comply with the project's indent style.
W,p11_front.c,200,3,c_builtin,W0432,UNC,X99,Indentation of this line does not comply with the project's indent style.
W,p11_front.c,201,2,c_builtin,W0432,UNC,X99,Indentation of this line does not comply with the project's indent style.
W,p11_front.c,207,2,c_builtin,W0432,UNC,X99,Indentation of this line does not comply with the project's indent style.
W,p11_front.c,208,3,c_builtin,W0432,UNC,X99,Indentation of this line does not comply with the project's indent style.
W,p11_front.c,209,2,c_builtin,W0432,UNC,X99,Indentation of this line does not comply with the project's indent style.
W,p11_front.c,214,2,c_builtin,W0432,UNC,X99,Indentation of this line does not comply with the project's indent style.
W,p11_front.c,215,3,c_builtin,W0432,UNC,X99,Indentation of this line does not comply with the project's indent style.
W,p11_front.c,216,2,c_builtin,W0432,UNC,X99,Indentation of this line does not comply with the project's indent style.
W,p11_front.c,222,2,c_builtin,W0432,UNC,X99,Indentation of this line does not comply with the project's indent style.
W,p11_front.c,223,3,c_builtin,W0432,UNC,X99,Indentation of this line does not comply with the project's indent style.
W,p11_front.c,224,2,c_builtin,W0432,UNC,X99,Indentation of this line does not comply with the project's indent style.
W,p11_front.c,230,2,c_builtin,W0432,UNC,X99,Indentation of this line does not comply with the project's indent style.
W,p11_front.c,231,3,c_builtin,W0432,UNC,X99,Indentation of this line does not comply with the project's indent style.
W,p11_front.c,232,2,c_builtin,W0432,UNC,X99,Indentation of this line does not comply with the project's indent style.
W,p11_front.c,238,2,c_builtin,W0432,UNC,X99,Indentation of this line does not comply with the project's indent style.
W,p11_front.c,239,3,c_builtin,W0432,UNC,X99,Indentation of this line does not comply with the project's indent style.
W,p11_front.c,240,2,c_builtin,W0432,UNC,X99,Indentation of this line does not comply with the project's indent style.
W,p11_front.c,247,2,c_builtin,W0432,UNC,X99,Indentation of this line does not comply with the project's indent style.
W,p11_front.c,248,3,c_builtin,W0432,UNC,X99,Indentation of this line does not comply with the project's indent style.
W,p11_front.c,249,2,c_builtin,W0432,UNC,X99,Indentation of this line does not comply with the project's indent style.
W,p11_front.c,254,2,c_builtin,W0432,UNC,X99,Indentation of this line does not comply with the project's indent style.
W,p11_front.c,255,3,c_builtin,W0432,UNC,X99,Indentation of this line does not comply with the project's indent style.
W,p11_front.c,256,2,c_builtin,W0432,UNC,X99,Indentation of this line does not comply with the project's indent style.
W,p11_front.c,261,2,c_builtin,W0432,UNC,X99,Indentation of this line does not comply with the project's indent style.
W,p11_front.c,262,3,c_builtin,W0432,UNC,X99,Indentation of this line does not comply with the project's indent style.
W,p11_front.c,263,2,c_builtin,W0432,UNC,X99,Indentation of this line does not comply with the project's indent style.
W,p11_front.c,271,2,c_builtin,W0432,UNC,X99,Indentation of this line does not comply with the project's indent style.
W,p11_front.c,272,2,c_builtin,W0432,UNC,X99,Indentation of this line does not comply with the project's indent style.
W,p11_front.c,277,2,c_builtin,W0432,UNC,X99,Indentation of this line does not comply with the project's indent style.
W,p11_front.c,278,3,c_builtin,W0432,UNC,X99,Indentation of this line does not comply with the project's indent style.
W,p11_front.c,279,2,c_builtin,W0432,UNC,X99,Indentation of this line does not comply with the project's indent style.
W,p11_front.c,288,2,c_builtin,W0432,UNC,X99,Indentation of this line does not comply with the project's indent style.
W,p11_front.c,289,3,c_builtin,W0432,UNC,X99,Indentation of this line does not comply with the project's indent style.
W,p11_front.c,290,2,c_builtin,W0432,UNC,X99,Indentation of this line does not comply with the project's indent style.
W,p11_front.c,295,2,c_builtin,W0432,UNC,X99,Indentation of this line does not comply with the project's indent style.
W,p11_front.c,296,3,c_builtin,W0432,UNC,X99,Indentation of this line does not comply with the project's indent style.
W,p11_front.c,297,2,c_builtin,W0432,UNC,X99,Indentation of this line does not comply with the project's indent style.
W,p11_front.c,302,2,c_builtin,W0432,UNC,X99,Indentation of this line does not comply with the project's indent style.
W,p11_front.c,303,3,c_builtin,W0432,UNC,X99,Indentation of this line does not comply with the project's indent style.
W,p11_front.c,304,2,c_builtin,W0432,UNC,X99,Indentation of this line does not comply with the project's indent style.
W,p11_front.c,309,2,c_builtin,W0432,UNC,X99,Indentation of this line does not comply with the project's indent style.
W,p11_front.c,310,3,c_builtin,W0432,UNC,X99,Indentation of this line does not comply with the project's indent style.
W,p11_front.c,311,2,c_builtin,W0432,UNC,X99,Indentation of this line does not comply with the project's indent style.
W,p11_front.c,317,2,c_builtin,W0432,UNC,X99,Indentation of this line does not comply with the project's indent style.
W,p11_front.c,318,3,c_builtin,W0432,UNC,X99,Indentation of this line does not comply with the project's indent style.
W,p11_front.c,319,2,c_builtin,W0432,UNC,X99,Indentation of this line does not comply with the project's indent style.
W,p11_front.c,325,2,c_builtin,W0432,UNC,X99,Indentation of this line does not comply with the project's indent style.
W,p11_front.c,326,3,c_builtin,W0432,UNC,X99,Indentation of this line does not comply with the project's indent style.
W,p11_front.c,327,2,c_builtin,W0432,UNC,X99,Indentation of this line does not comply with the project's indent style.
W,p11_front.c,333,2,c_builtin,W0432,UNC,X99,Indentation of this line does not comply with the project's indent style.
W,p11_front.c,334,3,c_builtin,W0432,UNC,X99,Indentation of this line does not comply with the project's indent style.
W,p11_front.c,335,2,c_builtin,W0432,UNC,X99,Indentation of this line does not comply with the project's indent style.
W,p11_front.c,349,2,c_builtin,W0432,UNC,X99,Indentation of this line does not comply with the project's indent style.
W,p11_front.c,350,2,c_builtin,W0432,UNC,X99,Indentation of this line does not comply with the project's indent style.
